nucc_code,section,grouping,classification,specialization,display_name,listings_by_name,proposed_specialties,basis,needs_decision,note,today_by_name
193200000X,Individual,Group,Multi-Specialty,,,10,Primary care / family doctor,classification,yes,a multi-specialty group NPI; primary care is the usual front door,
193400000X,Individual,Group,Single Specialty,,,19,Other health services,classification,yes,the code does not say which specialty,
207K00000X,Individual,Allopathic & Osteopathic Physicians,Allergy & Immunology,,,6723,Allergy & immunology,classification,,,Allergy & immunology
207KA0200X,Individual,Allopathic & Osteopathic Physicians,Allergy & Immunology,Allergy,,1950,Allergy & immunology,classification,,,Allergy & immunology
207KI0005X,Individual,Allopathic & Osteopathic Physicians,Allergy & Immunology,Clinical & Laboratory Immunology,,135,Allergy & immunology,classification,,,Allergy & immunology
207L00000X,Individual,Allopathic & Osteopathic Physicians,Anesthesiology,,,88264,Hospital-based clinicians,classification,,,
207LA0401X,Individual,Allopathic & Osteopathic Physicians,Anesthesiology,Addiction Medicine,,214,Mental health & counseling,specialization,,,
207LC0200X,Individual,Allopathic & Osteopathic Physicians,Anesthesiology,Critical Care Medicine,,2008,Hospital-based clinicians,specialization,,,
207LH0002X,Individual,Allopathic & Osteopathic Physicians,Anesthesiology,Hospice and Palliative Medicine,,93,Hospice & palliative care,specialization,,,
207LP2900X,Individual,Allopathic & Osteopathic Physicians,Anesthesiology,Pain Medicine,,10308,Pain management,specialization,,,Pain management
207LP3000X,Individual,Allopathic & Osteopathic Physicians,Anesthesiology,Pediatric Anesthesiology,,2963,Hospital-based clinicians;Pediatrics (children),specialization,,,
207LP4000X,Individual,Allopathic & Osteopathic Physicians,Anesthesiology,Physician Nutrition Specialist,,0,Nutrition & dietitian,specialization,,,Nutrition & dietitian
208U00000X,Individual,Allopathic & Osteopathic Physicians,Clinical Pharmacology,,,197,Pharmacy,classification,yes,physicians who study drug effects; rarely patient-facing,
208C00000X,Individual,Allopathic & Osteopathic Physicians,Colon & Rectal Surgery,,,3718,Digestive / gastroenterology;General surgery,classification,,,Orthopedics & sports injury
207N00000X,Individual,Allopathic & Osteopathic Physicians,Dermatology,,,28326,Skin / dermatology,classification,,,Skin / dermatology
207NI0002X,Individual,Allopathic & Osteopathic Physicians,Dermatology,Clinical & Laboratory Dermatological Immunology,,108,Skin / dermatology,classification,,,
207ND0900X,Individual,Allopathic & Osteopathic Physicians,Dermatology,Dermatopathology,,879,Skin / dermatology;Imaging & lab,specialization,,,
207ND0101X,Individual,Allopathic & Osteopathic Physicians,Dermatology,MOHS-Micrographic Surgery,,3046,Skin / dermatology,classification,,,Orthopedics & sports injury
207NP0225X,Individual,Allopathic & Osteopathic Physicians,Dermatology,Pediatric Dermatology,,392,Skin / dermatology;Pediatrics (children),specialization,,,Skin / dermatology
207NS0135X,Individual,Allopathic & Osteopathic Physicians,Dermatology,Procedural Dermatology,,1158,Skin / dermatology,classification,,,Skin / dermatology
204R00000X,Individual,Allopathic & Osteopathic Physicians,Electrodiagnostic Medicine,,,431,Brain & nerves / neurology,classification,,,
207P00000X,Individual,Allopathic & Osteopathic Physicians,Emergency Medicine,,,101347,Urgent care & emergency,classification,,,Urgent care & emergency
207PE0004X,Individual,Allopathic & Osteopathic Physicians,Emergency Medicine,Emergency Medical Services,,4059,Urgent care & emergency,classification,,,Urgent care & emergency
207PH0002X,Individual,Allopathic & Osteopathic Physicians,Emergency Medicine,Hospice and Palliative Medicine,,346,Hospice & palliative care,specialization,,,Urgent care & emergency
207PT0002X,Individual,Allopathic & Osteopathic Physicians,Emergency Medicine,Medical Toxicology,,294,Urgent care & emergency,classification,,,Urgent care & emergency
207PP0204X,Individual,Allopathic & Osteopathic Physicians,Emergency Medicine,Pediatric Emergency Medicine,,1178,Urgent care & emergency;Pediatrics (children),specialization,,,Urgent care & emergency
207PS0010X,Individual,Allopathic & Osteopathic Physicians,Emergency Medicine,Sports Medicine,,481,Orthopedics & sports injury;Urgent care & emergency,specialization,,,Orthopedics & sports injury;Urgent care & emergency
207PE0005X,Individual,Allopathic & Osteopathic Physicians,Emergency Medicine,Undersea and Hyperbaric Medicine,,539,Urgent care & emergency,specialization,yes,"hyperbaric oxygen, often wound care",Urgent care & emergency
207Q00000X,Individual,Allopathic & Osteopathic Physicians,Family Medicine,,,250003,Primary care / family doctor,classification,,,Primary care / family doctor
207QA0401X,Individual,Allopathic & Osteopathic Physicians,Family Medicine,Addiction Medicine,,2253,Primary care / family doctor;Mental health & counseling,specialization,,,Primary care / family doctor
207QA0000X,Individual,Allopathic & Osteopathic Physicians,Family Medicine,Adolescent Medicine,,293,Primary care / family doctor;Pediatrics (children),specialization,,,Primary care / family doctor
207QA0505X,Individual,Allopathic & Osteopathic Physicians,Family Medicine,Adult Medicine,,3991,Primary care / family doctor,classification,,,
207QD0401X,Individual,Allopathic & Osteopathic Physicians,Family Medicine,Diabetology,,8,Primary care / family doctor;Diabetes & hormones,specialization,,,Primary care / family doctor
207QG0300X,Individual,Allopathic & Osteopathic Physicians,Family Medicine,Geriatric Medicine,,3398,Primary care / family doctor,classification,,,Primary care / family doctor
207QH0002X,Individual,Allopathic & Osteopathic Physicians,Family Medicine,Hospice and Palliative Medicine,,2275,Hospice & palliative care,specialization,,,Primary care / family doctor
207QB0002X,Individual,Allopathic & Osteopathic Physicians,Family Medicine,Obesity Medicine,,335,Primary care / family doctor;Nutrition & dietitian,specialization,,,Primary care / family doctor
207QP0002X,Individual,Allopathic & Osteopathic Physicians,Family Medicine,Physician Nutrition Specialist,,11,Nutrition & dietitian;Primary care / family doctor,specialization,,,Primary care / family doctor;Nutrition & dietitian
207QS1201X,Individual,Allopathic & Osteopathic Physicians,Family Medicine,Sleep Medicine,,612,"Lung, breathing & sleep",specialization,,,"Primary care / family doctor;Lung, breathing & sleep"
207QS0010X,Individual,Allopathic & Osteopathic Physicians,Family Medicine,Sports Medicine,,4675,Orthopedics & sports injury;Primary care / family doctor,specialization,,,Primary care / family doctor;Orthopedics & sports injury
208D00000X,Individual,Allopathic & Osteopathic Physicians,General Practice,,,32714,Primary care / family doctor,classification,,,Primary care / family doctor
208M00000X,Individual,Allopathic & Osteopathic Physicians,Hospitalist,,,45081,Hospital-based clinicians,classification,,,
202C00000X,Individual,Allopathic & Osteopathic Physicians,Independent Medical Examiner,,,239,Other health services,classification,yes,"performs exams for insurers and courts, not care",
202D00000X,Individual,Allopathic & Osteopathic Physicians,Integrative Medicine,,,406,"Primary care / family doctor;Acupuncture, massage & naturopathy",classification,,,
207R00000X,Individual,Allopathic & Osteopathic Physicians,Internal Medicine,,,226009,Primary care / family doctor,classification,,,Primary care / family doctor
207RA0401X,Individual,Allopathic & Osteopathic Physicians,Internal Medicine,Addiction Medicine,,1423,Mental health & counseling,specialization,,,Primary care / family doctor
207RA0000X,Individual,Allopathic & Osteopathic Physicians,Internal Medicine,Adolescent Medicine,,446,Primary care / family doctor;Pediatrics (children),specialization,,,Primary care / family doctor
207RA0002X,Individual,Allopathic & Osteopathic Physicians,Internal Medicine,Adult Congenital Heart Disease,,270,Heart / cardiology,specialization,,,
207RA0001X,Individual,Allopathic & Osteopathic Physicians,Internal Medicine,Advanced Heart Failure and Transplant Cardiology,,1866,Heart / cardiology,specialization,,,Heart / cardiology
207RA0201X,Individual,Allopathic & Osteopathic Physicians,Internal Medicine,Allergy & Immunology,,919,Allergy & immunology,specialization,,,Primary care / family doctor
207RC0000X,Individual,Allopathic & Osteopathic Physicians,Internal Medicine,Cardiovascular Disease,,46096,Heart / cardiology,specialization,,,Heart / cardiology
207RI0001X,Individual,Allopathic & Osteopathic Physicians,Internal Medicine,Clinical & Laboratory Immunology,,45,Allergy & immunology,specialization,,,Primary care / family doctor
207RC0001X,Individual,Allopathic & Osteopathic Physicians,Internal Medicine,Clinical Cardiac Electrophysiology,,5770,Heart / cardiology,specialization,,,
207RC0200X,Individual,Allopathic & Osteopathic Physicians,Internal Medicine,Critical Care Medicine,,10735,Hospital-based clinicians,specialization,,,Primary care / family doctor
207QB0505X,Individual,Allopathic & Osteopathic Physicians,Internal Medicine,Diabetology,,5,Diabetes & hormones,specialization,,,Primary care / family doctor
207RE0101X,Individual,Allopathic & Osteopathic Physicians,Internal Medicine,"Endocrinology, Diabetes & Metabolism",,15885,Diabetes & hormones,specialization,,,Diabetes & hormones
207RG0100X,Individual,Allopathic & Osteopathic Physicians,Internal Medicine,Gastroenterology,,33785,Digestive / gastroenterology,specialization,,,Digestive / gastroenterology
207RG0300X,Individual,Allopathic & Osteopathic Physicians,Internal Medicine,Geriatric Medicine,,7364,Primary care / family doctor,specialization,,,Primary care / family doctor
207RH0000X,Individual,Allopathic & Osteopathic Physicians,Internal Medicine,Hematology,,2115,Cancer care / oncology,specialization,,,Primary care / family doctor
207RH0003X,Individual,Allopathic & Osteopathic Physicians,Internal Medicine,Hematology & Oncology,,22984,Cancer care / oncology,specialization,,,Cancer care / oncology
207RI0008X,Individual,Allopathic & Osteopathic Physicians,Internal Medicine,Hepatology,,470,Digestive / gastroenterology,specialization,,,
207RH0002X,Individual,Allopathic & Osteopathic Physicians,Internal Medicine,Hospice and Palliative Medicine,,4474,Hospice & palliative care,specialization,,,Primary care / family doctor
207RH0005X,Individual,Allopathic & Osteopathic Physicians,Internal Medicine,Hypertension Specialist,,34,Heart / cardiology,specialization,,,
207RI0200X,Individual,Allopathic & Osteopathic Physicians,Internal Medicine,Infectious Disease,,16407,Infectious disease,specialization,,,
207RI0011X,Individual,Allopathic & Osteopathic Physicians,Internal Medicine,Interventional Cardiology,,12302,Heart / cardiology,specialization,,,Heart / cardiology
207RM1200X,Individual,Allopathic & Osteopathic Physicians,Internal Medicine,Magnetic Resonance Imaging (MRI),,64,Imaging & lab,specialization,,,Primary care / family doctor
207RX0202X,Individual,Allopathic & Osteopathic Physicians,Internal Medicine,Medical Oncology,,8571,Cancer care / oncology,specialization,,,Cancer care / oncology
207RN0300X,Individual,Allopathic & Osteopathic Physicians,Internal Medicine,Nephrology,,22276,Kidney / nephrology,specialization,,,Kidney / nephrology
207RB0002X,Individual,Allopathic & Osteopathic Physicians,Internal Medicine,Obesity Medicine,,385,Primary care / family doctor;Nutrition & dietitian,specialization,,,Primary care / family doctor
207RP1002X,Individual,Allopathic & Osteopathic Physicians,Internal Medicine,Physician Nutrition Specialist,,4,Nutrition & dietitian,specialization,,,Primary care / family doctor;Nutrition & dietitian
207RP1001X,Individual,Allopathic & Osteopathic Physicians,Internal Medicine,Pulmonary Disease,,25076,"Lung, breathing & sleep",specialization,,,"Lung, breathing & sleep"
207RR0500X,Individual,Allopathic & Osteopathic Physicians,Internal Medicine,Rheumatology,,12634,Arthritis / rheumatology,specialization,,,Arthritis / rheumatology
207RS0012X,Individual,Allopathic & Osteopathic Physicians,Internal Medicine,Sleep Medicine,,2554,"Lung, breathing & sleep",specialization,,,"Primary care / family doctor;Lung, breathing & sleep"
207RS0010X,Individual,Allopathic & Osteopathic Physicians,Internal Medicine,Sports Medicine,,613,Orthopedics & sports injury,specialization,,,Primary care / family doctor;Orthopedics & sports injury
207RT0003X,Individual,Allopathic & Osteopathic Physicians,Internal Medicine,Transplant Hepatology,,475,Digestive / gastroenterology,specialization,,,
209800000X,Individual,Allopathic & Osteopathic Physicians,Legal Medicine,,,100,Other health services,classification,yes,"medico-legal work, not care",
207SG0202X,Individual,Allopathic & Osteopathic Physicians,Medical Genetics,Clinical Biochemical Genetics,,98,Genetics & genetic counseling,classification,,,
207SC0300X,Individual,Allopathic & Osteopathic Physicians,Medical Genetics,Clinical Cytogenetics,,106,Genetics & genetic counseling,classification,,,
207SG0201X,Individual,Allopathic & Osteopathic Physicians,Medical Genetics,Clinical Genetics (M.D.),,1625,Genetics & genetic counseling,classification,,,
207SG0203X,Individual,Allopathic & Osteopathic Physicians,Medical Genetics,Clinical Molecular Genetics,,155,Genetics & genetic counseling,classification,,,
207SG0207X,Individual,Allopathic & Osteopathic Physicians,Medical Genetics,Medical Biochemical Genetics,,34,Genetics & genetic counseling,classification,,,
207SM0001X,Individual,Allopathic & Osteopathic Physicians,Medical Genetics,Molecular Genetic Pathology,,30,Genetics & genetic counseling;Imaging & lab,specialization,,,Imaging & lab
207SG0205X,Individual,Allopathic & Osteopathic Physicians,Medical Genetics,Ph.D. Medical Genetics,,28,Genetics & genetic counseling,classification,,,
207T00000X,Individual,Allopathic & Osteopathic Physicians,Neurological Surgery,,,14913,Brain & nerves / neurology,classification,,,Orthopedics & sports injury;Brain & nerves / neurology
204D00000X,Individual,Allopathic & Osteopathic Physicians,Neuromusculoskeletal Medicine & OMM,,,1711,Orthopedics & sports injury;Pain management,classification,yes,osteopathic manipulation for musculoskeletal pain,
204C00000X,Individual,Allopathic & Osteopathic Physicians,"Neuromusculoskeletal Medicine, Sports Medicine",,,682,Orthopedics & sports injury,classification,,,Orthopedics & sports injury
207U00000X,Individual,Allopathic & Osteopathic Physicians,Nuclear Medicine,,,1061,Imaging & lab,classification,,,
207UN0903X,Individual,Allopathic & Osteopathic Physicians,Nuclear Medicine,In Vivo & In Vitro Nuclear Medicine,,20,Imaging & lab,classification,,,
207UN0901X,Individual,Allopathic & Osteopathic Physicians,Nuclear Medicine,Nuclear Cardiology,,395,Imaging & lab;Heart / cardiology,specialization,,,Heart / cardiology
207UN0902X,Individual,Allopathic & Osteopathic Physicians,Nuclear Medicine,Nuclear Imaging & Therapy,,226,Imaging & lab,classification,,,
207V00000X,Individual,Allopathic & Osteopathic Physicians,Obstetrics & Gynecology,,,72624,Women's health / OB-GYN,classification,,,Women's health / OB-GYN
207VC0300X,Individual,Allopathic & Osteopathic Physicians,Obstetrics & Gynecology,Complex Family Planning,,143,Women's health / OB-GYN,classification,,,
207VC0200X,Individual,Allopathic & Osteopathic Physicians,Obstetrics & Gynecology,Critical Care Medicine,,41,Women's health / OB-GYN;Hospital-based clinicians,specialization,,,Women's health / OB-GYN
207VF0040X,Individual,Allopathic & Osteopathic Physicians,Obstetrics & Gynecology,Urogynecology and Reconstructive Pelvic Surgery,,1717,Women's health / OB-GYN;Urology,specialization,,,Women's health / OB-GYN;Orthopedics & sports injury
207VX0201X,Individual,Allopathic & Osteopathic Physicians,Obstetrics & Gynecology,Gynecologic Oncology,,3091,Women's health / OB-GYN;Cancer care / oncology,specialization,,,Cancer care / oncology
207VG0400X,Individual,Allopathic & Osteopathic Physicians,Obstetrics & Gynecology,Gynecology,,6672,Women's health / OB-GYN,classification,,,Women's health / OB-GYN
207VH0002X,Individual,Allopathic & Osteopathic Physicians,Obstetrics & Gynecology,Hospice and Palliative Medicine,,149,Hospice & palliative care,specialization,,,Women's health / OB-GYN
207VM0101X,Individual,Allopathic & Osteopathic Physicians,Obstetrics & Gynecology,Maternal & Fetal Medicine,,5963,Women's health / OB-GYN,classification,,,Women's health / OB-GYN
207VB0002X,Individual,Allopathic & Osteopathic Physicians,Obstetrics & Gynecology,Obesity Medicine,,54,Women's health / OB-GYN;Nutrition & dietitian,specialization,,,Women's health / OB-GYN
207VX0000X,Individual,Allopathic & Osteopathic Physicians,Obstetrics & Gynecology,Obstetrics,,2454,Women's health / OB-GYN,classification,,,Women's health / OB-GYN
207VE0102X,Individual,Allopathic & Osteopathic Physicians,Obstetrics & Gynecology,Reproductive Endocrinology,,3050,Women's health / OB-GYN,classification,,,Diabetes & hormones
207W00000X,Individual,Allopathic & Osteopathic Physicians,Ophthalmology,,,40400,Eye care,classification,,,Eye care
207WX0120X,Individual,Allopathic & Osteopathic Physicians,Ophthalmology,Cornea and External Diseases Specialist,,623,Eye care,classification,,,
207WX0009X,Individual,Allopathic & Osteopathic Physicians,Ophthalmology,Glaucoma Specialist,,803,Eye care,classification,,,Eye care
207WX0109X,Individual,Allopathic & Osteopathic Physicians,Ophthalmology,Neuro-ophthalmology,,280,Eye care,classification,,,Eye care
207WX0200X,Individual,Allopathic & Osteopathic Physicians,Ophthalmology,Ophthalmic Plastic and Reconstructive Surgery,,889,Eye care;Plastic & reconstructive surgery,specialization,,,Orthopedics & sports injury;Plastic & reconstructive surgery
207WX0110X,Individual,Allopathic & Osteopathic Physicians,Ophthalmology,Pediatric Ophthalmology and Strabismus Specialist,,511,Eye care;Pediatrics (children),specialization,,,
207WX0107X,Individual,Allopathic & Osteopathic Physicians,Ophthalmology,Retina Specialist,,2984,Eye care,classification,,,Eye care
207WX0108X,Individual,Allopathic & Osteopathic Physicians,Ophthalmology,Uveitis and Ocular Inflammatory Disease,,95,Eye care,classification,,,Eye care
204E00000X,Individual,Allopathic & Osteopathic Physicians,Oral & Maxillofacial Surgery,,,2491,Dental,classification,,,Orthopedics & sports injury
207X00000X,Individual,Allopathic & Osteopathic Physicians,Orthopaedic Surgery,,,46006,Orthopedics & sports injury,classification,,,Orthopedics & sports injury
207XS0114X,Individual,Allopathic & Osteopathic Physicians,Orthopaedic Surgery,Adult Reconstructive Orthopaedic Surgery,,2186,Orthopedics & sports injury,classification,,,Orthopedics & sports injury
207XX0004X,Individual,Allopathic & Osteopathic Physicians,Orthopaedic Surgery,Foot and Ankle Surgery,,1272,Orthopedics & sports injury;Foot & ankle / podiatry,specialization,,,Orthopedics & sports injury
207XS0106X,Individual,Allopathic & Osteopathic Physicians,Orthopaedic Surgery,Hand Surgery,,4417,Orthopedics & sports injury,classification,,,Orthopedics & sports injury
207XS0117X,Individual,Allopathic & Osteopathic Physicians,Orthopaedic Surgery,Orthopaedic Surgery of the Spine,,4366,Orthopedics & sports injury,classification,,,Orthopedics & sports injury
207XX0801X,Individual,Allopathic & Osteopathic Physicians,Orthopaedic Surgery,Orthopaedic Trauma,,1451,Orthopedics & sports injury,classification,,,
207XP3100X,Individual,Allopathic & Osteopathic Physicians,Orthopaedic Surgery,Pediatric Orthopaedic Surgery,,1484,Orthopedics & sports injury;Pediatrics (children),specialization,,,Orthopedics & sports injury
207XX0005X,Individual,Allopathic & Osteopathic Physicians,Orthopaedic Surgery,Sports Medicine,,5662,Orthopedics & sports injury,classification,,,Orthopedics & sports injury
207Y00000X,Individual,Allopathic & Osteopathic Physicians,Otolaryngology,,,17709,"Ear, nose & throat",classification,,,"Ear, nose & throat"
207YS0123X,Individual,Allopathic & Osteopathic Physicians,Otolaryngology,Facial Plastic Surgery,,1154,"Ear, nose & throat;Plastic & reconstructive surgery",specialization,,,Orthopedics & sports injury;Plastic & reconstructive surgery
207YX0602X,Individual,Allopathic & Osteopathic Physicians,Otolaryngology,Otolaryngic Allergy,,246,"Ear, nose & throat;Allergy & immunology",specialization,,,Allergy & immunology
207YX0905X,Individual,Allopathic & Osteopathic Physicians,Otolaryngology,Otolaryngology/Facial Plastic Surgery,,1417,"Ear, nose & throat;Plastic & reconstructive surgery",specialization,,,"Orthopedics & sports injury;Ear, nose & throat;Plastic & reconstructive surgery"
207YX0901X,Individual,Allopathic & Osteopathic Physicians,Otolaryngology,Otology & Neurotology,,643,"Ear, nose & throat;Hearing & audiology",specialization,,,
207YP0228X,Individual,Allopathic & Osteopathic Physicians,Otolaryngology,Pediatric Otolaryngology,,1230,"Ear, nose & throat;Pediatrics (children)",specialization,,,"Ear, nose & throat"
207YX0007X,Individual,Allopathic & Osteopathic Physicians,Otolaryngology,Plastic Surgery within the Head & Neck,,1093,"Ear, nose & throat;Plastic & reconstructive surgery",specialization,,,"Orthopedics & sports injury;Ear, nose & throat;Plastic & reconstructive surgery"
207YS0012X,Individual,Allopathic & Osteopathic Physicians,Otolaryngology,Sleep Medicine,,169,"Ear, nose & throat;Lung, breathing & sleep",specialization,,,"Lung, breathing & sleep;Ear, nose & throat"
208VP0014X,Individual,Allopathic & Osteopathic Physicians,Pain Medicine,Interventional Pain Medicine,,7711,Pain management,classification,,,Pain management
208VP0000X,Individual,Allopathic & Osteopathic Physicians,Pain Medicine,Pain Medicine,,3922,Pain management,classification,,,Pain management
207ZP0101X,Individual,Allopathic & Osteopathic Physicians,Pathology,Anatomic Pathology,,3459,Imaging & lab,classification,,,Imaging & lab
207ZP0102X,Individual,Allopathic & Osteopathic Physicians,Pathology,Anatomic Pathology & Clinical Pathology,,21652,Imaging & lab,classification,,,Imaging & lab
207ZB0001X,Individual,Allopathic & Osteopathic Physicians,Pathology,Blood Banking & Transfusion Medicine,,524,Imaging & lab,classification,,,
207ZP0104X,Individual,Allopathic & Osteopathic Physicians,Pathology,Chemical Pathology,,37,Imaging & lab,classification,,,Imaging & lab
207ZC0008X,Individual,Allopathic & Osteopathic Physicians,Pathology,Clinical Informatics,,20,Other health services,specialization,,,Imaging & lab
207ZC0006X,Individual,Allopathic & Osteopathic Physicians,Pathology,Clinical Pathology,,629,Imaging & lab,classification,,,Imaging & lab
207ZP0105X,Individual,Allopathic & Osteopathic Physicians,Pathology,Clinical Pathology/Laboratory Medicine,,1828,Imaging & lab,classification,,,Imaging & lab
207ZC0500X,Individual,Allopathic & Osteopathic Physicians,Pathology,Cytopathology,,641,Imaging & lab,classification,,,
207ZD0900X,Individual,Allopathic & Osteopathic Physicians,Pathology,Dermatopathology,,676,Imaging & lab,classification,,,Imaging & lab
207ZF0201X,Individual,Allopathic & Osteopathic Physicians,Pathology,Forensic Pathology,,605,Other health services,specialization,,,Imaging & lab
207ZH0000X,Individual,Allopathic & Osteopathic Physicians,Pathology,Hematology,,608,Imaging & lab,classification,,,Imaging & lab
207ZI0100X,Individual,Allopathic & Osteopathic Physicians,Pathology,Immunopathology,,42,Imaging & lab,classification,,,
207ZM0300X,Individual,Allopathic & Osteopathic Physicians,Pathology,Medical Microbiology,,86,Imaging & lab,classification,,,
207ZP0007X,Individual,Allopathic & Osteopathic Physicians,Pathology,Molecular Genetic Pathology,,215,Imaging & lab,classification,,,Imaging & lab
207ZN0500X,Individual,Allopathic & Osteopathic Physicians,Pathology,Neuropathology,,281,Imaging & lab,classification,,,
207ZP0213X,Individual,Allopathic & Osteopathic Physicians,Pathology,Pediatric Pathology,,279,Imaging & lab,classification,,,Imaging & lab
208000000X,Individual,Allopathic & Osteopathic Physicians,Pediatrics,,,103218,Pediatrics (children);Primary care / family doctor,classification,,,Pediatrics (children)
2080A0000X,Individual,Allopathic & Osteopathic Physicians,Pediatrics,Adolescent Medicine,,3975,Pediatrics (children);Primary care / family doctor,classification,,,Pediatrics (children)
2080C0008X,Individual,Allopathic & Osteopathic Physicians,Pediatrics,Child Abuse Pediatrics,,317,Pediatrics (children),specialization,,,Pediatrics (children)
2080I0007X,Individual,Allopathic & Osteopathic Physicians,Pediatrics,Clinical & Laboratory Immunology,,18,Pediatrics (children);Allergy & immunology,specialization,,,
2080P0006X,Individual,Allopathic & Osteopathic Physicians,Pediatrics,Developmental - Behavioral Pediatrics,,1862,Pediatrics (children);Mental health & counseling,specialization,,,Pediatrics (children)
2080H0002X,Individual,Allopathic & Osteopathic Physicians,Pediatrics,Hospice and Palliative Medicine,,422,Pediatrics (children);Hospice & palliative care,specialization,,,
2080T0002X,Individual,Allopathic & Osteopathic Physicians,Pediatrics,Medical Toxicology,,24,Pediatrics (children);Urgent care & emergency,specialization,,,
2080N0001X,Individual,Allopathic & Osteopathic Physicians,Pediatrics,Neonatal-Perinatal Medicine,,10687,Pediatrics (children);Hospital-based clinicians,specialization,,,
2080P0008X,Individual,Allopathic & Osteopathic Physicians,Pediatrics,Neurodevelopmental Disabilities,,427,Pediatrics (children);Brain & nerves / neurology,specialization,,,
2080B0002X,Individual,Allopathic & Osteopathic Physicians,Pediatrics,Obesity Medicine,,24,Pediatrics (children);Nutrition & dietitian,specialization,,,
2080P0201X,Individual,Allopathic & Osteopathic Physicians,Pediatrics,Pediatric Allergy/Immunology,,823,Pediatrics (children);Allergy & immunology,specialization,,,
2080P0202X,Individual,Allopathic & Osteopathic Physicians,Pediatrics,Pediatric Cardiology,,6703,Pediatrics (children);Heart / cardiology,specialization,,,Heart / cardiology
2080P0203X,Individual,Allopathic & Osteopathic Physicians,Pediatrics,Pediatric Critical Care Medicine,,5004,Pediatrics (children);Hospital-based clinicians,specialization,,,
2080P0204X,Individual,Allopathic & Osteopathic Physicians,Pediatrics,Pediatric Emergency Medicine,,4585,Pediatrics (children);Urgent care & emergency,specialization,,,Pediatrics (children)
2080P0205X,Individual,Allopathic & Osteopathic Physicians,Pediatrics,Pediatric Endocrinology,,2874,Pediatrics (children);Diabetes & hormones,specialization,,,Diabetes & hormones
2080P0206X,Individual,Allopathic & Osteopathic Physicians,Pediatrics,Pediatric Gastroenterology,,3706,Pediatrics (children);Digestive / gastroenterology,specialization,,,Digestive / gastroenterology
2080P0207X,Individual,Allopathic & Osteopathic Physicians,Pediatrics,Pediatric Hematology-Oncology,,4971,Pediatrics (children);Cancer care / oncology,specialization,,,Cancer care / oncology
2080P0208X,Individual,Allopathic & Osteopathic Physicians,Pediatrics,Pediatric Infectious Diseases,,2008,Pediatrics (children);Infectious disease,specialization,,,
2080P0210X,Individual,Allopathic & Osteopathic Physicians,Pediatrics,Pediatric Nephrology,,1477,Pediatrics (children);Kidney / nephrology,specialization,,,Kidney / nephrology
2080P0214X,Individual,Allopathic & Osteopathic Physicians,Pediatrics,Pediatric Pulmonology,,2416,"Pediatrics (children);Lung, breathing & sleep",specialization,,,
2080P0216X,Individual,Allopathic & Osteopathic Physicians,Pediatrics,Pediatric Rheumatology,,860,Pediatrics (children);Arthritis / rheumatology,specialization,,,Arthritis / rheumatology
2080T0004X,Individual,Allopathic & Osteopathic Physicians,Pediatrics,Pediatric Transplant Hepatology,,88,Pediatrics (children);Digestive / gastroenterology,specialization,,,
2080P1004X,Individual,Allopathic & Osteopathic Physicians,Pediatrics,Physician Nutrition Specialist,,1,Pediatrics (children);Nutrition & dietitian,specialization,,,Pediatrics (children);Nutrition & dietitian
2080S0012X,Individual,Allopathic & Osteopathic Physicians,Pediatrics,Sleep Medicine,,267,"Pediatrics (children);Lung, breathing & sleep",specialization,,,"Lung, breathing & sleep"
2080S0010X,Individual,Allopathic & Osteopathic Physicians,Pediatrics,Sports Medicine,,467,Pediatrics (children);Orthopedics & sports injury,specialization,,,Orthopedics & sports injury
202K00000X,Individual,Allopathic & Osteopathic Physicians,Phlebology,,,527,General surgery;Heart / cardiology,classification,yes,vein specialists,
208100000X,Individual,Allopathic & Osteopathic Physicians,Physical Medicine & Rehabilitation,,,26743,Physical & occupational therapy,classification,,,Physical & occupational therapy
2081P0301X,Individual,Allopathic & Osteopathic Physicians,Physical Medicine & Rehabilitation,Brain Injury Medicine,,200,Physical & occupational therapy;Brain & nerves / neurology,specialization,,,Physical & occupational therapy
2081H0002X,Individual,Allopathic & Osteopathic Physicians,Physical Medicine & Rehabilitation,Hospice and Palliative Medicine,,176,Hospice & palliative care,specialization,,,Physical & occupational therapy
2081N0008X,Individual,Allopathic & Osteopathic Physicians,Physical Medicine & Rehabilitation,Neuromuscular Medicine,,301,Physical & occupational therapy;Brain & nerves / neurology,specialization,,,Physical & occupational therapy
2081P2900X,Individual,Allopathic & Osteopathic Physicians,Physical Medicine & Rehabilitation,Pain Medicine,,4613,Pain management;Physical & occupational therapy,specialization,,,Physical & occupational therapy;Pain management
2081P0010X,Individual,Allopathic & Osteopathic Physicians,Physical Medicine & Rehabilitation,Pediatric Rehabilitation Medicine,,647,Physical & occupational therapy;Pediatrics (children),specialization,,,
2081P0004X,Individual,Allopathic & Osteopathic Physicians,Physical Medicine & Rehabilitation,Spinal Cord Injury Medicine,,312,Physical & occupational therapy;Brain & nerves / neurology,specialization,,,
2081S0010X,Individual,Allopathic & Osteopathic Physicians,Physical Medicine & Rehabilitation,Sports Medicine,,1943,Orthopedics & sports injury;Physical & occupational therapy,specialization,,,Physical & occupational therapy;Orthopedics & sports injury
208200000X,Individual,Allopathic & Osteopathic Physicians,Plastic Surgery,,,9952,Plastic & reconstructive surgery,classification,,,Orthopedics & sports injury;Plastic & reconstructive surgery
2082S0099X,Individual,Allopathic & Osteopathic Physicians,Plastic Surgery,Plastic Surgery Within the Head and Neck,,260,Plastic & reconstructive surgery,classification,,,Orthopedics & sports injury;Plastic & reconstructive surgery
2082S0105X,Individual,Allopathic & Osteopathic Physicians,Plastic Surgery,Surgery of the Hand,,604,Plastic & reconstructive surgery;Orthopedics & sports injury,specialization,,,Orthopedics & sports injury;Plastic & reconstructive surgery
2083A0300X,Individual,Allopathic & Osteopathic Physicians,Preventive Medicine,Addiction Medicine,,773,Mental health & counseling,specialization,,,
2083A0100X,Individual,Allopathic & Osteopathic Physicians,Preventive Medicine,Aerospace Medicine,,626,Other health services,specialization,yes,pilots and astronauts,
2083C0008X,Individual,Allopathic & Osteopathic Physicians,Preventive Medicine,Clinical Informatics,,59,Other health services,specialization,,,
2083T0002X,Individual,Allopathic & Osteopathic Physicians,Preventive Medicine,Medical Toxicology,,52,Urgent care & emergency,specialization,,,
2083B0002X,Individual,Allopathic & Osteopathic Physicians,Preventive Medicine,Obesity Medicine,,282,Primary care / family doctor;Nutrition & dietitian,specialization,,,
2083X0100X,Individual,Allopathic & Osteopathic Physicians,Preventive Medicine,Occupational Medicine,,3610,Primary care / family doctor,specialization,yes,work injuries and employment physicals,
2083P0500X,Individual,Allopathic & Osteopathic Physicians,Preventive Medicine,Preventive Medicine/Occupational Environmental Medicine,,1627,Primary care / family doctor,classification,,,
2083P0901X,Individual,Allopathic & Osteopathic Physicians,Preventive Medicine,Public Health & General Preventive Medicine,,2591,Primary care / family doctor,classification,,,
2083S0010X,Individual,Allopathic & Osteopathic Physicians,Preventive Medicine,Sports Medicine,,175,Orthopedics & sports injury,specialization,,,Orthopedics & sports injury
2083P0011X,Individual,Allopathic & Osteopathic Physicians,Preventive Medicine,Undersea and Hyperbaric Medicine,,852,Urgent care & emergency,specialization,yes,"hyperbaric oxygen, often wound care",
2084A0401X,Individual,Allopathic & Osteopathic Physicians,Psychiatry & Neurology,Addiction Medicine,,1042,Mental health & counseling,specialization,,,Brain & nerves / neurology
2084P0802X,Individual,Allopathic & Osteopathic Physicians,Psychiatry & Neurology,Addiction Psychiatry,,1201,Mental health & counseling,specialization,,,Mental health & counseling
2084B0040X,Individual,Allopathic & Osteopathic Physicians,Psychiatry & Neurology,Behavioral Neurology & Neuropsychiatry,,579,Brain & nerves / neurology;Mental health & counseling,specialization,,,Brain & nerves / neurology
2084P0301X,Individual,Allopathic & Osteopathic Physicians,Psychiatry & Neurology,Brain Injury Medicine,,52,Brain & nerves / neurology,specialization,,,Brain & nerves / neurology
2084P0804X,Individual,Allopathic & Osteopathic Physicians,Psychiatry & Neurology,Child & Adolescent Psychiatry,,11266,Mental health & counseling;Pediatrics (children),specialization,,,Mental health & counseling
2084N0600X,Individual,Allopathic & Osteopathic Physicians,Psychiatry & Neurology,Clinical Neurophysiology,,1271,Brain & nerves / neurology,specialization,,,Brain & nerves / neurology
2084D0003X,Individual,Allopathic & Osteopathic Physicians,Psychiatry & Neurology,Diagnostic Neuroimaging,,65,Brain & nerves / neurology;Imaging & lab,specialization,,,Brain & nerves / neurology
2084E0001X,Individual,Allopathic & Osteopathic Physicians,Psychiatry & Neurology,Epilepsy,,842,Brain & nerves / neurology,specialization,,,
2084F0202X,Individual,Allopathic & Osteopathic Physicians,Psychiatry & Neurology,Forensic Psychiatry,,627,Mental health & counseling,specialization,,,Mental health & counseling
2084P0805X,Individual,Allopathic & Osteopathic Physicians,Psychiatry & Neurology,Geriatric Psychiatry,,1326,Mental health & counseling,specialization,,,Mental health & counseling
2084H0002X,Individual,Allopathic & Osteopathic Physicians,Psychiatry & Neurology,Hospice and Palliative Medicine,,43,Hospice & palliative care,specialization,,,Brain & nerves / neurology
2084A2900X,Individual,Allopathic & Osteopathic Physicians,Psychiatry & Neurology,Neurocritical Care,,1032,Brain & nerves / neurology;Hospital-based clinicians,specialization,,,
2084P0005X,Individual,Allopathic & Osteopathic Physicians,Psychiatry & Neurology,Neurodevelopmental Disabilities,,75,Brain & nerves / neurology;Pediatrics (children),specialization,,,
2084N0400X,Individual,Allopathic & Osteopathic Physicians,Psychiatry & Neurology,Neurology,,36094,Brain & nerves / neurology,specialization,,,Brain & nerves / neurology
2084N0402X,Individual,Allopathic & Osteopathic Physicians,Psychiatry & Neurology,Neurology with Special Qualifications in Child Neurology,,4140,Brain & nerves / neurology;Pediatrics (children),specialization,,,Brain & nerves / neurology
2084N0008X,Individual,Allopathic & Osteopathic Physicians,Psychiatry & Neurology,Neuromuscular Medicine,,473,Brain & nerves / neurology,specialization,,,Brain & nerves / neurology
2084B0002X,Individual,Allopathic & Osteopathic Physicians,Psychiatry & Neurology,Obesity Medicine,,16,Primary care / family doctor;Nutrition & dietitian,specialization,,,Brain & nerves / neurology
2084P2900X,Individual,Allopathic & Osteopathic Physicians,Psychiatry & Neurology,Pain Medicine,,392,Pain management,specialization,,,Brain & nerves / neurology;Pain management
2084P0800X,Individual,Allopathic & Osteopathic Physicians,Psychiatry & Neurology,Psychiatry,,89650,Mental health & counseling,specialization,,,Mental health & counseling
2084P0015X,Individual,Allopathic & Osteopathic Physicians,Psychiatry & Neurology,Psychosomatic Medicine,,466,Mental health & counseling,specialization,,,
2084S0012X,Individual,Allopathic & Osteopathic Physicians,Psychiatry & Neurology,Sleep Medicine,,1018,"Lung, breathing & sleep;Brain & nerves / neurology",specialization,,,"Lung, breathing & sleep;Brain & nerves / neurology"
2084S0010X,Individual,Allopathic & Osteopathic Physicians,Psychiatry & Neurology,Sports Medicine,,14,Orthopedics & sports injury,specialization,,,Orthopedics & sports injury;Brain & nerves / neurology
2084V0102X,Individual,Allopathic & Osteopathic Physicians,Psychiatry & Neurology,Vascular Neurology,,1469,Brain & nerves / neurology,specialization,,,Brain & nerves / neurology
2085B0100X,Individual,Allopathic & Osteopathic Physicians,Radiology,Body Imaging,,1620,Imaging & lab,classification,,,Imaging & lab
2085D0003X,Individual,Allopathic & Osteopathic Physicians,Radiology,Diagnostic Neuroimaging,,254,Imaging & lab,classification,,,
2085R0202X,Individual,Allopathic & Osteopathic Physicians,Radiology,Diagnostic Radiology,,70699,Imaging & lab,classification,,,Imaging & lab
2085U0001X,Individual,Allopathic & Osteopathic Physicians,Radiology,Diagnostic Ultrasound,,1072,Imaging & lab,classification,,,
2085H0002X,Individual,Allopathic & Osteopathic Physicians,Radiology,Hospice and Palliative Medicine,,12,Hospice & palliative care,specialization,,,
2085N0700X,Individual,Allopathic & Osteopathic Physicians,Radiology,Neuroradiology,,2453,Imaging & lab,classification,,,
2085N0904X,Individual,Allopathic & Osteopathic Physicians,Radiology,Nuclear Radiology,,603,Imaging & lab,classification,,,
2085P0229X,Individual,Allopathic & Osteopathic Physicians,Radiology,Pediatric Radiology,,1508,Imaging & lab;Pediatrics (children),specialization,,,
2085R0001X,Individual,Allopathic & Osteopathic Physicians,Radiology,Radiation Oncology,,11713,Cancer care / oncology;Imaging & lab,specialization,,,Cancer care / oncology
2085R0205X,Individual,Allopathic & Osteopathic Physicians,Radiology,Radiological Physics,,131,Imaging & lab,classification,,,
2085R0203X,Individual,Allopathic & Osteopathic Physicians,Radiology,Therapeutic Radiology,,346,Cancer care / oncology;Imaging & lab,specialization,,,
2085R0204X,Individual,Allopathic & Osteopathic Physicians,Radiology,Vascular & Interventional Radiology,,8469,Imaging & lab,classification,,,
208600000X,Individual,Allopathic & Osteopathic Physicians,Surgery,,,54492,General surgery,classification,,,Orthopedics & sports injury
2086H0002X,Individual,Allopathic & Osteopathic Physicians,Surgery,Hospice and Palliative Medicine,,58,Hospice & palliative care,specialization,,,Orthopedics & sports injury
2086S0120X,Individual,Allopathic & Osteopathic Physicians,Surgery,Pediatric Surgery,,2527,General surgery;Pediatrics (children),specialization,,,Orthopedics & sports injury
2086P0122X,Individual,Allopathic & Osteopathic Physicians,Surgery,Physician Nutrition Specialist,,0,Nutrition & dietitian;General surgery,specialization,,,Orthopedics & sports injury;Nutrition & dietitian
2086S0122X,Individual,Allopathic & Osteopathic Physicians,Surgery,Plastic and Reconstructive Surgery,,5210,Plastic & reconstructive surgery,specialization,,,Orthopedics & sports injury;Plastic & reconstructive surgery
2086S0105X,Individual,Allopathic & Osteopathic Physicians,Surgery,Surgery of the Hand,,818,Orthopedics & sports injury;Plastic & reconstructive surgery,specialization,,,Orthopedics & sports injury
2086S0102X,Individual,Allopathic & Osteopathic Physicians,Surgery,Surgical Critical Care,,2991,Hospital-based clinicians;General surgery,specialization,,,
2086X0206X,Individual,Allopathic & Osteopathic Physicians,Surgery,Surgical Oncology,,3041,Cancer care / oncology;General surgery,specialization,,,Cancer care / oncology
2086S0127X,Individual,Allopathic & Osteopathic Physicians,Surgery,Trauma Surgery,,2171,Hospital-based clinicians;General surgery,specialization,,,Orthopedics & sports injury
2086S0129X,Individual,Allopathic & Osteopathic Physicians,Surgery,Vascular Surgery,,10259,General surgery;Heart / cardiology,specialization,,,Orthopedics & sports injury
208G00000X,Individual,Allopathic & Osteopathic Physicians,Thoracic Surgery (Cardiothoracic Vascular Surgery),,,10374,Heart / cardiology;General surgery,classification,,,Orthopedics & sports injury;Heart / cardiology
204F00000X,Individual,Allopathic & Osteopathic Physicians,Transplant Surgery,,,1369,General surgery,classification,,,Orthopedics & sports injury
208800000X,Individual,Allopathic & Osteopathic Physicians,Urology,,,23777,Urology,classification,,,Urology
2088F0040X,Individual,Allopathic & Osteopathic Physicians,Urology,Urogynecology and Reconstructive Pelvic Surgery,,303,Urology;Women's health / OB-GYN,specialization,,,Orthopedics & sports injury;Urology
2088P0231X,Individual,Allopathic & Osteopathic Physicians,Urology,Pediatric Urology,,1010,Urology;Pediatrics (children),specialization,,,Urology
106E00000X,Individual,Behavioral Health & Social Service Providers,Assistant Behavior Analyst,,,9977,Behavior therapy (ABA),classification,,,Mental health & counseling
106S00000X,Individual,Behavioral Health & Social Service Providers,Behavior Technician,,,562631,Behavior therapy (ABA),classification,,,
103K00000X,Individual,Behavioral Health & Social Service Providers,Behavior Analyst,,,137230,Behavior therapy (ABA),classification,yes,today under Mental health; the spec moves it to ABA. Keep it in both?,Mental health & counseling
103G00000X,Individual,Behavioral Health & Social Service Providers,Clinical Neuropsychologist,,,7931,Mental health & counseling;Brain & nerves / neurology,classification,,,Mental health & counseling
103GC0700X,Individual,Behavioral Health & Social Service Providers,Clinical Neuropsychologist,Clinical,,0,Mental health & counseling;Brain & nerves / neurology,classification,,,Mental health & counseling
101Y00000X,Individual,Behavioral Health & Social Service Providers,Counselor,,,116224,Mental health & counseling,classification,,,Mental health & counseling
101YA0400X,Individual,Behavioral Health & Social Service Providers,Counselor,Addiction (Substance Use Disorder),,105888,Mental health & counseling,classification,,,Mental health & counseling
101YM0800X,Individual,Behavioral Health & Social Service Providers,Counselor,Mental Health,,340915,Mental health & counseling,classification,,,Mental health & counseling
101YP1600X,Individual,Behavioral Health & Social Service Providers,Counselor,Pastoral,,2421,Mental health & counseling,classification,,,Mental health & counseling
101YP2500X,Individual,Behavioral Health & Social Service Providers,Counselor,Professional,,176299,Mental health & counseling,classification,,,Mental health & counseling
101YS0200X,Individual,Behavioral Health & Social Service Providers,Counselor,School,,5417,Mental health & counseling;Pediatrics (children),specialization,,,Mental health & counseling
101200000X,Individual,Behavioral Health & Social Service Providers,Drama Therapist,,,243,Mental health & counseling,classification,,,
106H00000X,Individual,Behavioral Health & Social Service Providers,Marriage & Family Therapist,,,122500,Mental health & counseling,classification,,,Mental health & counseling
102X00000X,Individual,Behavioral Health & Social Service Providers,Poetry Therapist,,,43,Mental health & counseling,classification,,,
102L00000X,Individual,Behavioral Health & Social Service Providers,Psychoanalyst,,,1401,Mental health & counseling,classification,,,
103T00000X,Individual,Behavioral Health & Social Service Providers,Psychologist,,,62178,Mental health & counseling,classification,,,Mental health & counseling
103TA0400X,Individual,Behavioral Health & Social Service Providers,Psychologist,Addiction (Substance Use Disorder),,811,Mental health & counseling,classification,,,Mental health & counseling
103TA0700X,Individual,Behavioral Health & Social Service Providers,Psychologist,Adult Development & Aging,,354,Mental health & counseling,classification,,,Mental health & counseling
103TC0700X,Individual,Behavioral Health & Social Service Providers,Psychologist,Clinical,,90116,Mental health & counseling,classification,,,Mental health & counseling
103TC2200X,Individual,Behavioral Health & Social Service Providers,Psychologist,Clinical Child & Adolescent,,6464,Mental health & counseling;Pediatrics (children),specialization,,,Mental health & counseling
103TB0200X,Individual,Behavioral Health & Social Service Providers,Psychologist,Cognitive & Behavioral,,2521,Mental health & counseling,classification,,,Mental health & counseling
103TC1900X,Individual,Behavioral Health & Social Service Providers,Psychologist,Counseling,,10155,Mental health & counseling,classification,,,Mental health & counseling
103TE1000X,Individual,Behavioral Health & Social Service Providers,Psychologist,Educational,,0,Mental health & counseling;Pediatrics (children),specialization,,,Mental health & counseling
103TE1100X,Individual,Behavioral Health & Social Service Providers,Psychologist,Exercise & Sports,,155,Mental health & counseling,classification,,,Mental health & counseling
103TF0000X,Individual,Behavioral Health & Social Service Providers,Psychologist,Family,,548,Mental health & counseling,classification,,,Mental health & counseling
103TF0200X,Individual,Behavioral Health & Social Service Providers,Psychologist,Forensic,,945,Mental health & counseling,classification,,,Mental health & counseling
103TP2701X,Individual,Behavioral Health & Social Service Providers,Psychologist,Group Psychotherapy,,874,Mental health & counseling,classification,,,Mental health & counseling
103TH0004X,Individual,Behavioral Health & Social Service Providers,Psychologist,Health,,600,Mental health & counseling,classification,,,Mental health & counseling
103TH0100X,Individual,Behavioral Health & Social Service Providers,Psychologist,Health Service,,1212,Mental health & counseling,classification,,,Mental health & counseling
103TM1700X,Individual,Behavioral Health & Social Service Providers,Psychologist,Men & Masculinity,,0,Mental health & counseling,classification,,,Mental health & counseling
103TM1800X,Individual,Behavioral Health & Social Service Providers,Psychologist,Intellectual & Developmental Disabilities,,1282,Mental health & counseling,classification,,,Mental health & counseling
103TP0016X,Individual,Behavioral Health & Social Service Providers,Psychologist,Prescribing (Medical),,653,Mental health & counseling,classification,,,Mental health & counseling
103TP0814X,Individual,Behavioral Health & Social Service Providers,Psychologist,Psychoanalysis,,388,Mental health & counseling,classification,,,Mental health & counseling
103TP2700X,Individual,Behavioral Health & Social Service Providers,Psychologist,Psychotherapy,,0,Mental health & counseling,classification,,,Mental health & counseling
103TR0400X,Individual,Behavioral Health & Social Service Providers,Psychologist,Rehabilitation,,826,Mental health & counseling,classification,,,Mental health & counseling
103TS0200X,Individual,Behavioral Health & Social Service Providers,Psychologist,School,,14508,Mental health & counseling;Pediatrics (children),specialization,,,Mental health & counseling
103TW0100X,Individual,Behavioral Health & Social Service Providers,Psychologist,Women,,0,Mental health & counseling,classification,,,
104100000X,Individual,Behavioral Health & Social Service Providers,Social Worker,,,146456,Care coordination & community health;Mental health & counseling,classification,yes,"non-clinical social workers do case work, not therapy",
1041C0700X,Individual,Behavioral Health & Social Service Providers,Social Worker,Clinical,,381429,Mental health & counseling,specialization,,,Mental health & counseling
1041S0200X,Individual,Behavioral Health & Social Service Providers,Social Worker,School,,6524,Care coordination & community health;Pediatrics (children),specialization,,,
111N00000X,Individual,Chiropractic Providers,Chiropractor,,,157857,Chiropractic,classification,,,Chiropractic
111NI0013X,Individual,Chiropractic Providers,Chiropractor,Independent Medical Examiner,,498,Chiropractic,classification,,,Chiropractic
111NI0900X,Individual,Chiropractic Providers,Chiropractor,Internist,,521,Chiropractic,classification,,,Chiropractic
111NN0400X,Individual,Chiropractic Providers,Chiropractor,Neurology,,1236,Chiropractic,classification,,,Chiropractic;Brain & nerves / neurology
111NN1001X,Individual,Chiropractic Providers,Chiropractor,Nutrition,,1523,Chiropractic,classification,,,Chiropractic;Nutrition & dietitian
111NX0100X,Individual,Chiropractic Providers,Chiropractor,Occupational Health,,382,Chiropractic,classification,,,Chiropractic
111NX0800X,Individual,Chiropractic Providers,Chiropractor,Orthopedic,,1442,Chiropractic,classification,,,Chiropractic
111NP0017X,Individual,Chiropractic Providers,Chiropractor,Pediatric Chiropractor,,335,Chiropractic,classification,,,Chiropractic
111NR0200X,Individual,Chiropractic Providers,Chiropractor,Radiology,,314,Chiropractic,classification,,,Chiropractic
111NR0400X,Individual,Chiropractic Providers,Chiropractor,Rehabilitation,,3596,Chiropractic,classification,,,Chiropractic
111NS0005X,Individual,Chiropractic Providers,Chiropractor,Sports Physician,,3332,Chiropractic,classification,,,Chiropractic
111NT0100X,Individual,Chiropractic Providers,Chiropractor,Thermography,,66,Chiropractic,classification,,,Chiropractic
125K00000X,Individual,Dental Providers,Advanced Practice Dental Therapist,,,117,Dental,classification,,,
126800000X,Individual,Dental Providers,Dental Assistant,,,2843,Dental,classification,,,
124Q00000X,Individual,Dental Providers,Dental Hygienist,,,16547,Dental,classification,,,
126900000X,Individual,Dental Providers,Dental Laboratory Technician,,,81,Dental,classification,yes,makes crowns and dentures; patients do not book them,
125J00000X,Individual,Dental Providers,Dental Therapist,,,219,Dental,classification,,,
122300000X,Individual,Dental Providers,Dentist,,,130497,Dental,classification,,,Dental
1223D0004X,Individual,Dental Providers,Dentist,Dental Anesthesiology,,633,Dental,classification,,,
1223D0001X,Individual,Dental Providers,Dentist,Dental Public Health,,1887,Dental,classification,,,Dental
1223E0200X,Individual,Dental Providers,Dentist,Endodontics,,9952,Dental,classification,,,Dental
1223G0001X,Individual,Dental Providers,Dentist,General Practice,,186500,Dental,classification,,,Dental
1223P0106X,Individual,Dental Providers,Dentist,Oral and Maxillofacial Pathology,,960,Dental,classification,,,Dental;Imaging & lab
1223X0008X,Individual,Dental Providers,Dentist,Oral and Maxillofacial Radiology,,245,Dental,classification,,,Dental
1223S0112X,Individual,Dental Providers,Dentist,Oral and Maxillofacial Surgery,,14502,Dental,classification,,,Dental;Orthopedics & sports injury
125Q00000X,Individual,Dental Providers,Dentist,Oral Medicine,,50,Dental,classification,,,Dental
1223X2210X,Individual,Dental Providers,Dentist,Orofacial Pain,,280,Dental,classification,,,Dental
1223X0400X,Individual,Dental Providers,Dentist,Orthodontics and Dentofacial Orthopedics,,23405,Dental,classification,,,Dental
1223P0221X,Individual,Dental Providers,Dentist,Pediatric Dentistry,,19990,Dental;Pediatrics (children),specialization,,,Dental
1223P0300X,Individual,Dental Providers,Dentist,Periodontics,,9417,Dental,classification,,,
1223P0700X,Individual,Dental Providers,Dentist,Prosthodontics,,5019,Dental,classification,,,
122400000X,Individual,Dental Providers,Denturist,,,638,Dental,classification,,,
132700000X,Individual,Dietary & Nutritional Service Providers,Dietary Manager,,,195,Nutrition & dietitian,classification,yes,runs food service in facilities,
136A00000X,Individual,Dietary & Nutritional Service Providers,"Dietetic Technician, Registered",,,297,Nutrition & dietitian,classification,,,
133V00000X,Individual,Dietary & Nutritional Service Providers,"Dietitian, Registered",,,78232,Nutrition & dietitian,classification,,,Nutrition & dietitian
133VN1101X,Individual,Dietary & Nutritional Service Providers,"Dietitian, Registered","Nutrition, Gerontological",,63,Nutrition & dietitian,classification,,,Nutrition & dietitian
133VN1006X,Individual,Dietary & Nutritional Service Providers,"Dietitian, Registered","Nutrition, Metabolic",,932,Nutrition & dietitian,classification,,,Nutrition & dietitian
133VN1201X,Individual,Dietary & Nutritional Service Providers,"Dietitian, Registered","Nutrition, Obesity and Weight Management",,508,Nutrition & dietitian,classification,,,Nutrition & dietitian
133VN1301X,Individual,Dietary & Nutritional Service Providers,"Dietitian, Registered","Nutrition, Oncology",,150,Nutrition & dietitian,classification,,,Cancer care / oncology;Nutrition & dietitian
133VN1004X,Individual,Dietary & Nutritional Service Providers,"Dietitian, Registered","Nutrition, Pediatric",,1449,Nutrition & dietitian;Pediatrics (children),specialization,,,Nutrition & dietitian
133VN1401X,Individual,Dietary & Nutritional Service Providers,"Dietitian, Registered","Nutrition, Pediatric Critical Care",,13,Nutrition & dietitian,classification,,,Nutrition & dietitian
133VN1005X,Individual,Dietary & Nutritional Service Providers,"Dietitian, Registered","Nutrition, Renal",,712,Nutrition & dietitian,classification,,,Nutrition & dietitian
133VN1501X,Individual,Dietary & Nutritional Service Providers,"Dietitian, Registered","Nutrition, Sports Dietetics",,270,Nutrition & dietitian,classification,,,Nutrition & dietitian
133N00000X,Individual,Dietary & Nutritional Service Providers,Nutritionist,,,4532,Nutrition & dietitian,classification,,,Nutrition & dietitian
133NN1002X,Individual,Dietary & Nutritional Service Providers,Nutritionist,"Nutrition, Education",,1947,Nutrition & dietitian,classification,,,Nutrition & dietitian
146E00000X,Individual,Emergency Medical Service Providers,Community Paramedic,,,11,Urgent care & emergency;Home health & in-home care,classification,,,
146N00000X,Individual,Emergency Medical Service Providers,"Emergency Medical Technician, Basic",,,1762,Urgent care & emergency,classification,,,
146M00000X,Individual,Emergency Medical Service Providers,"Emergency Medical Technician, Intermediate",,,269,Urgent care & emergency,classification,,,
146L00000X,Individual,Emergency Medical Service Providers,"Emergency Medical Technician, Paramedic",,,1597,Urgent care & emergency,classification,,,
146D00000X,Individual,Emergency Medical Service Providers,Personal Emergency Response Attendant,,,700,Home health & in-home care,classification,,,
152W00000X,Individual,Eye and Vision Services Providers,Optometrist,,,108938,Eye care,classification,,,Eye care
152WC0802X,Individual,Eye and Vision Services Providers,Optometrist,Corneal and Contact Management,,1936,Eye care,classification,,,Eye care
152WL0500X,Individual,Eye and Vision Services Providers,Optometrist,Low Vision Rehabilitation,,426,Eye care,classification,,,Eye care
152WX0102X,Individual,Eye and Vision Services Providers,Optometrist,Occupational Vision,,126,Eye care,classification,,,Eye care
152WP0200X,Individual,Eye and Vision Services Providers,Optometrist,Pediatrics,,385,Eye care;Pediatrics (children),specialization,,,Eye care
152WS0006X,Individual,Eye and Vision Services Providers,Optometrist,Sports Vision,,45,Eye care,classification,,,Eye care
152WV0400X,Individual,Eye and Vision Services Providers,Optometrist,Vision Therapy,,679,Eye care,classification,,,Eye care
156F00000X,Individual,Eye and Vision Services Providers,Technician/Technologist,,,4141,Eye care,classification,,,
156FC0800X,Individual,Eye and Vision Services Providers,Technician/Technologist,Contact Lens,,56,Eye care,classification,,,
156FC0801X,Individual,Eye and Vision Services Providers,Technician/Technologist,Contact Lens Fitter,,61,Eye care,classification,,,
156FX1700X,Individual,Eye and Vision Services Providers,Technician/Technologist,Ocularist,,247,Eye care,classification,,,
156FX1100X,Individual,Eye and Vision Services Providers,Technician/Technologist,Ophthalmic,,345,Eye care,classification,,,
156FX1101X,Individual,Eye and Vision Services Providers,Technician/Technologist,Ophthalmic Assistant,,158,Eye care,classification,,,
156FX1800X,Individual,Eye and Vision Services Providers,Technician/Technologist,Optician,,10801,Eye care,classification,,,
156FX1201X,Individual,Eye and Vision Services Providers,Technician/Technologist,Optometric Assistant,,49,Eye care,classification,,,
156FX1202X,Individual,Eye and Vision Services Providers,Technician/Technologist,Optometric Technician,,66,Eye care,classification,,,
156FX1900X,Individual,Eye and Vision Services Providers,Technician/Technologist,Orthoptist,,47,Eye care,classification,,,
164W00000X,Individual,Nursing Service Providers,Licensed Practical Nurse,,,72521,"Nursing (RN, LPN)",classification,,,
167G00000X,Individual,Nursing Service Providers,Licensed Psychiatric Technician,,,2644,"Mental health & counseling;Nursing (RN, LPN)",classification,,,
164X00000X,Individual,Nursing Service Providers,Licensed Vocational Nurse,,,20054,"Nursing (RN, LPN)",classification,,,
163W00000X,Individual,Nursing Service Providers,Registered Nurse,,,144232,"Nursing (RN, LPN)",classification,,,
163WA0400X,Individual,Nursing Service Providers,Registered Nurse,Addiction (Substance Use Disorder),,2672,"Nursing (RN, LPN);Mental health & counseling",specialization,,,
163WA2000X,Individual,Nursing Service Providers,Registered Nurse,Administrator,,2336,"Nursing (RN, LPN)",specialization,yes,"nurse administrators manage, not treat",
163WP2201X,Individual,Nursing Service Providers,Registered Nurse,Ambulatory Care,,2975,"Nursing (RN, LPN)",classification,,,
163WC3500X,Individual,Nursing Service Providers,Registered Nurse,Cardiac Rehabilitation,,201,"Nursing (RN, LPN);Heart / cardiology",specialization,,,
163WC0400X,Individual,Nursing Service Providers,Registered Nurse,Case Management,,5572,"Nursing (RN, LPN);Care coordination & community health",specialization,,,
163WC1400X,Individual,Nursing Service Providers,Registered Nurse,College Health,,315,"Nursing (RN, LPN)",classification,,,
163WC1500X,Individual,Nursing Service Providers,Registered Nurse,Community Health,,7522,"Nursing (RN, LPN);Care coordination & community health",specialization,,,
163WC2100X,Individual,Nursing Service Providers,Registered Nurse,Continence Care,,36,"Nursing (RN, LPN);Urology",specialization,,,
163WC1600X,Individual,Nursing Service Providers,Registered Nurse,Continuing Education/Staff Development,,396,"Nursing (RN, LPN)",specialization,yes,teaches staff,
163WC0200X,Individual,Nursing Service Providers,Registered Nurse,Critical Care Medicine,,4046,"Nursing (RN, LPN);Hospital-based clinicians",specialization,,,
163WD0400X,Individual,Nursing Service Providers,Registered Nurse,Diabetes Educator,,2400,"Nursing (RN, LPN);Diabetes & hormones",specialization,,,
163WD1100X,Individual,Nursing Service Providers,Registered Nurse,"Dialysis, Peritoneal",,87,"Nursing (RN, LPN);Kidney / nephrology",specialization,,,
163WE0003X,Individual,Nursing Service Providers,Registered Nurse,Emergency,,3330,"Nursing (RN, LPN);Urgent care & emergency",specialization,,,
163WE0900X,Individual,Nursing Service Providers,Registered Nurse,Enterostomal Therapy,,74,"Nursing (RN, LPN)",classification,,,
163WF0300X,Individual,Nursing Service Providers,Registered Nurse,Flight,,67,"Nursing (RN, LPN);Urgent care & emergency",specialization,,,
163WG0100X,Individual,Nursing Service Providers,Registered Nurse,Gastroenterology,,354,"Nursing (RN, LPN);Digestive / gastroenterology",specialization,,,Digestive / gastroenterology
163WG0000X,Individual,Nursing Service Providers,Registered Nurse,General Practice,,4631,"Nursing (RN, LPN)",classification,,,
163WG0600X,Individual,Nursing Service Providers,Registered Nurse,Gerontology,,636,"Nursing (RN, LPN)",classification,,,
163WH0500X,Individual,Nursing Service Providers,Registered Nurse,Hemodialysis,,200,"Nursing (RN, LPN);Kidney / nephrology",specialization,,,
163WH0200X,Individual,Nursing Service Providers,Registered Nurse,Home Health,,10266,"Nursing (RN, LPN);Home health & in-home care",specialization,,,Home health & in-home care
163WH1000X,Individual,Nursing Service Providers,Registered Nurse,Hospice,,493,"Nursing (RN, LPN);Hospice & palliative care",specialization,,,
163WI0600X,Individual,Nursing Service Providers,Registered Nurse,Infection Control,,279,"Nursing (RN, LPN)",classification,,,
163WI0500X,Individual,Nursing Service Providers,Registered Nurse,Infusion Therapy,,820,"Nursing (RN, LPN)",classification,,,
163WL0100X,Individual,Nursing Service Providers,Registered Nurse,Lactation Consultant,,4521,"Nursing (RN, LPN);Women's health / OB-GYN",specialization,,,
163WM0102X,Individual,Nursing Service Providers,Registered Nurse,Maternal Newborn,,609,"Nursing (RN, LPN);Women's health / OB-GYN",specialization,,,
163WM0705X,Individual,Nursing Service Providers,Registered Nurse,Medical-Surgical,,2980,"Nursing (RN, LPN)",classification,,,
163WN0002X,Individual,Nursing Service Providers,Registered Nurse,Neonatal Intensive Care,,520,"Nursing (RN, LPN);Pediatrics (children)",specialization,,,
163WN0003X,Individual,Nursing Service Providers,Registered Nurse,"Neonatal, Low-Risk",,24,"Nursing (RN, LPN);Pediatrics (children)",specialization,,,
163WN0300X,Individual,Nursing Service Providers,Registered Nurse,Nephrology,,107,"Nursing (RN, LPN);Kidney / nephrology",specialization,,,Kidney / nephrology
163WN0800X,Individual,Nursing Service Providers,Registered Nurse,Neuroscience,,212,"Nursing (RN, LPN);Brain & nerves / neurology",specialization,,,
163WM1400X,Individual,Nursing Service Providers,Registered Nurse,Nurse Massage Therapist (NMT),,232,"Nursing (RN, LPN);Acupuncture, massage & naturopathy",specialization,,,"Acupuncture, massage & naturopathy"
163WN1003X,Individual,Nursing Service Providers,Registered Nurse,Nutrition Support,,122,"Nursing (RN, LPN);Nutrition & dietitian",specialization,,,Nutrition & dietitian
163WX0002X,Individual,Nursing Service Providers,Registered Nurse,"Obstetric, High-Risk",,128,"Nursing (RN, LPN);Women's health / OB-GYN",specialization,,,
163WX0003X,Individual,Nursing Service Providers,Registered Nurse,"Obstetric, Inpatient",,416,"Nursing (RN, LPN);Women's health / OB-GYN",specialization,,,
163WX0106X,Individual,Nursing Service Providers,Registered Nurse,Occupational Health,,340,"Nursing (RN, LPN)",classification,,,
163WX0200X,Individual,Nursing Service Providers,Registered Nurse,Oncology,,667,"Nursing (RN, LPN);Cancer care / oncology",specialization,,,Cancer care / oncology
163WX1100X,Individual,Nursing Service Providers,Registered Nurse,Ophthalmic,,26,"Nursing (RN, LPN);Eye care",specialization,,,
163WX0800X,Individual,Nursing Service Providers,Registered Nurse,Orthopedic,,226,"Nursing (RN, LPN);Orthopedics & sports injury",specialization,,,
163WX1500X,Individual,Nursing Service Providers,Registered Nurse,Ostomy Care,,35,"Nursing (RN, LPN)",classification,,,
163WX0601X,Individual,Nursing Service Providers,Registered Nurse,Otorhinolaryngology & Head-Neck,,36,"Nursing (RN, LPN);Ear, nose & throat",specialization,,,
163WP0000X,Individual,Nursing Service Providers,Registered Nurse,Pain Management,,194,"Nursing (RN, LPN);Pain management",specialization,,,
163WP0218X,Individual,Nursing Service Providers,Registered Nurse,Pediatric Oncology,,83,"Nursing (RN, LPN);Pediatrics (children);Cancer care / oncology",specialization,,,Cancer care / oncology
163WP0200X,Individual,Nursing Service Providers,Registered Nurse,Pediatrics,,2253,"Nursing (RN, LPN);Pediatrics (children)",specialization,,,
163WP1700X,Individual,Nursing Service Providers,Registered Nurse,Perinatal,,148,"Nursing (RN, LPN);Women's health / OB-GYN",specialization,,,
163WS0121X,Individual,Nursing Service Providers,Registered Nurse,Plastic Surgery,,142,"Nursing (RN, LPN);Plastic & reconstructive surgery",specialization,,,Orthopedics & sports injury;Plastic & reconstructive surgery
163WP0808X,Individual,Nursing Service Providers,Registered Nurse,Psychiatric/Mental Health,,11338,"Nursing (RN, LPN);Mental health & counseling",specialization,,,Mental health & counseling
163WP0809X,Individual,Nursing Service Providers,Registered Nurse,"Psychiatric/Mental Health, Adult",,4595,"Nursing (RN, LPN);Mental health & counseling",specialization,,,Mental health & counseling
163WP0807X,Individual,Nursing Service Providers,Registered Nurse,"Psychiatric/Mental Health, Child & Adolescent",,1391,"Nursing (RN, LPN);Mental health & counseling;Pediatrics (children)",specialization,,,Mental health & counseling
163WR0006X,Individual,Nursing Service Providers,Registered Nurse,Registered Nurse First Assistant,,3060,"Nursing (RN, LPN);General surgery",specialization,,,
163WR0400X,Individual,Nursing Service Providers,Registered Nurse,Rehabilitation,,374,"Nursing (RN, LPN);Physical & occupational therapy",specialization,,,
163WR1000X,Individual,Nursing Service Providers,Registered Nurse,Reproductive Endocrinology/Infertility,,44,"Nursing (RN, LPN);Women's health / OB-GYN",specialization,,,Diabetes & hormones
163WS0200X,Individual,Nursing Service Providers,Registered Nurse,School,,10716,"Nursing (RN, LPN);Pediatrics (children)",specialization,,,
163WU0100X,Individual,Nursing Service Providers,Registered Nurse,Urology,,75,"Nursing (RN, LPN);Urology",specialization,,,Urology
163WW0101X,Individual,Nursing Service Providers,Registered Nurse,"Women's Health Care, Ambulatory",,741,"Nursing (RN, LPN);Women's health / OB-GYN",specialization,,,
163WW0000X,Individual,Nursing Service Providers,Registered Nurse,Wound Care,,828,"Nursing (RN, LPN)",classification,,,
372600000X,Individual,Nursing Service Related Providers,Adult Companion,,,11125,Home health & in-home care,classification,,,
372500000X,Individual,Nursing Service Related Providers,Chore Provider,,,4352,Home health & in-home care,classification,,,
373H00000X,Individual,Nursing Service Related Providers,Day Training/Habilitation Specialist,,,15348,Home health & in-home care,classification,yes,day programs for people with developmental disabilities,
374J00000X,Individual,Nursing Service Related Providers,Doula,,,18474,Women's health / OB-GYN,classification,,,
374U00000X,Individual,Nursing Service Related Providers,Home Health Aide,,,50540,Home health & in-home care,classification,,,Home health & in-home care
376J00000X,Individual,Nursing Service Related Providers,Homemaker,,,14008,Home health & in-home care,classification,,,
376K00000X,Individual,Nursing Service Related Providers,Nurse's Aide,,,13816,Home health & in-home care;Nursing & assisted living,classification,,,
376G00000X,Individual,Nursing Service Related Providers,Nursing Home Administrator,,,779,Nursing & assisted living,classification,yes,runs a facility; not a clinician,Home health & in-home care;Nursing & assisted living
374T00000X,Individual,Nursing Service Related Providers,Religious Nonmedical Nursing Personnel,,,200,Home health & in-home care,classification,yes,Christian Science style nonmedical care,Home health & in-home care;Nursing & assisted living
374K00000X,Individual,Nursing Service Related Providers,Religious Nonmedical Practitioner,,,300,Home health & in-home care,classification,yes,Christian Science style nonmedical care,
374700000X,Individual,Nursing Service Related Providers,Technician,,,2681,Home health & in-home care,classification,,,
3747A0650X,Individual,Nursing Service Related Providers,Technician,Attendant Care Provider,,9532,Home health & in-home care,classification,,,
3747P1801X,Individual,Nursing Service Related Providers,Technician,Personal Care Attendant,,95399,Home health & in-home care,classification,,,
171100000X,Individual,Other Service Providers,Acupuncturist,,,45546,"Acupuncture, massage & naturopathy",classification,,,"Acupuncture, massage & naturopathy"
171M00000X,Individual,Other Service Providers,Case Manager/Care Coordinator,,,165684,Care coordination & community health,classification,,,
174V00000X,Individual,Other Service Providers,Clinical Ethicist,,,96,Other health services,classification,,,
172V00000X,Individual,Other Service Providers,Community Health Worker,,,47902,Care coordination & community health,classification,,,
171W00000X,Individual,Other Service Providers,Contractor,,,9752,Other health services,classification,yes,home and vehicle modifications for disability,
171WH0202X,Individual,Other Service Providers,Contractor,Home Modifications,,2017,Other health services,classification,yes,home and vehicle modifications for disability,
171WV0202X,Individual,Other Service Providers,Contractor,Vehicle Modifications,,279,Other health services,classification,yes,home and vehicle modifications for disability,
172A00000X,Individual,Other Service Providers,Driver,,,7585,Other health services,classification,yes,non-emergency medical transport,
176P00000X,Individual,Other Service Providers,Funeral Director,,,42,Other health services,classification,yes,not health care; hide from the map instead?,
170300000X,Individual,Other Service Providers,"Genetic Counselor, MS",,,7193,Genetics & genetic counseling,classification,,,Mental health & counseling
171400000X,Individual,Other Service Providers,Health & Wellness Coach,,,7081,Care coordination & community health,classification,yes,could also sit under Nutrition,
174H00000X,Individual,Other Service Providers,Health Educator,,,7736,Care coordination & community health,classification,,,
175L00000X,Individual,Other Service Providers,Homeopath,,,437,"Acupuncture, massage & naturopathy",classification,,,
171R00000X,Individual,Other Service Providers,Interpreter,,,4192,Other health services,classification,yes,medical interpreters; a patient may search for one,
174N00000X,Individual,Other Service Providers,"Lactation Consultant, Non-RN",,,4129,Women's health / OB-GYN,classification,,,
175M00000X,Individual,Other Service Providers,"Midwife, Lay",,,482,Women's health / OB-GYN,classification,,,
173000000X,Individual,Other Service Providers,Legal Medicine,,,1884,Other health services,classification,yes,"medico-legal work, not care",
172M00000X,Individual,Other Service Providers,Mechanotherapist,,,2171,"Acupuncture, massage & naturopathy",classification,,,
176B00000X,Individual,Other Service Providers,Midwife,,,7476,Women's health / OB-GYN,classification,,,
171000000X,Individual,Other Service Providers,Military Health Care Provider,,,2178,Primary care / family doctor,classification,yes,military clinicians; most patients cannot book them,
1710I1002X,Individual,Other Service Providers,Military Health Care Provider,Independent Duty Corpsman,,3059,Primary care / family doctor,classification,yes,military clinicians; most patients cannot book them,
1710I1003X,Individual,Other Service Providers,Military Health Care Provider,Independent Duty Medical Technicians,,1319,Primary care / family doctor,classification,yes,military clinicians; most patients cannot book them,
172P00000X,Individual,Other Service Providers,Naprapath,,,267,"Acupuncture, massage & naturopathy",classification,,,
175F00000X,Individual,Other Service Providers,Naturopath,,,9069,"Acupuncture, massage & naturopathy",classification,,,"Acupuncture, massage & naturopathy"
175T00000X,Individual,Other Service Providers,Peer Specialist,,,31771,Mental health & counseling;Care coordination & community health,classification,,,
170100000X,Individual,Other Service Providers,"Medical Genetics, Ph.D. Medical Genetics",,,555,Genetics & genetic counseling,classification,,,
405300000X,Individual,Other Service Providers,Prevention Professional,,,865,Care coordination & community health,classification,,,
173C00000X,Individual,Other Service Providers,Reflexologist,,,581,"Acupuncture, massage & naturopathy",classification,,,
173F00000X,Individual,Other Service Providers,"Sleep Specialist, PhD",,,137,"Lung, breathing & sleep",classification,,,
174400000X,Individual,Other Service Providers,Specialist,,,91510,Other health services,classification,,,
1744G0900X,Individual,Other Service Providers,Specialist,Graphics Designer,,30,Other health services,classification,,,
1744P3200X,Individual,Other Service Providers,Specialist,Prosthetics Case Management,,2000,Medical equipment & supplies,specialization,,,
1744R1103X,Individual,Other Service Providers,Specialist,Research Data Abstracter/Coder,,136,Other health services,classification,,,
1744R1102X,Individual,Other Service Providers,Specialist,Research Study,,598,Other health services,classification,,,
174M00000X,Individual,Other Service Providers,Veterinarian,,,1670,Other health services,classification,yes,animal doctors; hide from the map instead?,
174MM1900X,Individual,Other Service Providers,Veterinarian,Medical Research,,15,Other health services,classification,yes,animal doctors; hide from the map instead?,
183500000X,Individual,Pharmacy Service Providers,Pharmacist,,,302687,Pharmacy,classification,,,Pharmacy
1835P2201X,Individual,Pharmacy Service Providers,Pharmacist,Ambulatory Care,,4209,Pharmacy,classification,,,Pharmacy
1835C0206X,Individual,Pharmacy Service Providers,Pharmacist,Cardiology,,65,Pharmacy,classification,,,Heart / cardiology;Pharmacy
1835C0207X,Individual,Pharmacy Service Providers,Pharmacist,Compounded Sterile Preparations,,85,Pharmacy,classification,,,Pharmacy
1835C0205X,Individual,Pharmacy Service Providers,Pharmacist,Critical Care,,604,Pharmacy,classification,,,Pharmacy
1835E0208X,Individual,Pharmacy Service Providers,Pharmacist,Emergency Medicine,,230,Pharmacy,classification,,,Pharmacy
1835G0000X,Individual,Pharmacy Service Providers,Pharmacist,General Practice,,0,Pharmacy,classification,,,Pharmacy
1835G0303X,Individual,Pharmacy Service Providers,Pharmacist,Geriatric,,1327,Pharmacy,classification,,,Pharmacy
1835I0206X,Individual,Pharmacy Service Providers,Pharmacist,Infectious Diseases,,181,Pharmacy,classification,,,Pharmacy
1835N0905X,Individual,Pharmacy Service Providers,Pharmacist,Nuclear,,137,Pharmacy,classification,,,Pharmacy
1835N1003X,Individual,Pharmacy Service Providers,Pharmacist,Nutrition Support,,187,Pharmacy,classification,,,Nutrition & dietitian;Pharmacy
1835X0200X,Individual,Pharmacy Service Providers,Pharmacist,Oncology,,1907,Pharmacy,classification,,,Cancer care / oncology;Pharmacy
1835P1400X,Individual,Pharmacy Service Providers,Pharmacist,Pain Management,,6,Pharmacy,classification,,,Pharmacy
1835P0200X,Individual,Pharmacy Service Providers,Pharmacist,Pediatrics,,330,Pharmacy,classification,,,Pharmacy
1835P0018X,Individual,Pharmacy Service Providers,Pharmacist,Pharmacist Clinician (PhC)/ Clinical Pharmacy Specialist,,15288,Pharmacy,classification,,,Pharmacy
1835P1200X,Individual,Pharmacy Service Providers,Pharmacist,Pharmacotherapy,,6482,Pharmacy,classification,,,Pharmacy
1835P1300X,Individual,Pharmacy Service Providers,Pharmacist,Psychiatric,,1041,Pharmacy,classification,,,Pharmacy
1835S0206X,Individual,Pharmacy Service Providers,Pharmacist,Solid Organ Transplant,,49,Pharmacy,classification,,,Pharmacy
183700000X,Individual,Pharmacy Service Providers,Pharmacy Technician,,,12050,Pharmacy,classification,,,Pharmacy
367A00000X,Individual,Physician Assistants & Advanced Practice Nursing Providers,Advanced Practice Midwife,,,18363,Women's health / OB-GYN,classification,,,Women's health / OB-GYN
367H00000X,Individual,Physician Assistants & Advanced Practice Nursing Providers,Anesthesiologist Assistant,,,6367,Hospital-based clinicians,classification,,,
364S00000X,Individual,Physician Assistants & Advanced Practice Nursing Providers,Clinical Nurse Specialist,,,1985,"Nursing (RN, LPN)",classification,,,
364SA2100X,Individual,Physician Assistants & Advanced Practice Nursing Providers,Clinical Nurse Specialist,Acute Care,,538,"Nursing (RN, LPN);Hospital-based clinicians",specialization,,,
364SA2200X,Individual,Physician Assistants & Advanced Practice Nursing Providers,Clinical Nurse Specialist,Adult Health,,1607,"Nursing (RN, LPN);Primary care / family doctor",specialization,,,
364SC2300X,Individual,Physician Assistants & Advanced Practice Nursing Providers,Clinical Nurse Specialist,Chronic Care,,35,"Nursing (RN, LPN);Primary care / family doctor",specialization,,,
364SC1501X,Individual,Physician Assistants & Advanced Practice Nursing Providers,Clinical Nurse Specialist,Community Health/Public Health,,171,"Nursing (RN, LPN);Care coordination & community health",specialization,,,
364SC0200X,Individual,Physician Assistants & Advanced Practice Nursing Providers,Clinical Nurse Specialist,Critical Care Medicine,,216,"Nursing (RN, LPN);Hospital-based clinicians",specialization,,,
364SE0003X,Individual,Physician Assistants & Advanced Practice Nursing Providers,Clinical Nurse Specialist,Emergency,,72,"Nursing (RN, LPN);Urgent care & emergency",specialization,,,
364SE1400X,Individual,Physician Assistants & Advanced Practice Nursing Providers,Clinical Nurse Specialist,Ethics,,0,"Nursing (RN, LPN);Other health services",specialization,,,
364SF0001X,Individual,Physician Assistants & Advanced Practice Nursing Providers,Clinical Nurse Specialist,Family Health,,629,"Nursing (RN, LPN);Primary care / family doctor",specialization,,,
364SG0600X,Individual,Physician Assistants & Advanced Practice Nursing Providers,Clinical Nurse Specialist,Gerontology,,441,"Nursing (RN, LPN);Primary care / family doctor",specialization,,,
364SH1100X,Individual,Physician Assistants & Advanced Practice Nursing Providers,Clinical Nurse Specialist,Holistic,,34,"Nursing (RN, LPN);Acupuncture, massage & naturopathy",specialization,,,
364SH0200X,Individual,Physician Assistants & Advanced Practice Nursing Providers,Clinical Nurse Specialist,Home Health,,207,"Nursing (RN, LPN);Home health & in-home care",specialization,,,
364SI0800X,Individual,Physician Assistants & Advanced Practice Nursing Providers,Clinical Nurse Specialist,Informatics,,23,"Nursing (RN, LPN);Other health services",specialization,,,
364SL0600X,Individual,Physician Assistants & Advanced Practice Nursing Providers,Clinical Nurse Specialist,Long-Term Care,,204,"Nursing (RN, LPN);Nursing & assisted living",specialization,,,
364SM0705X,Individual,Physician Assistants & Advanced Practice Nursing Providers,Clinical Nurse Specialist,Medical-Surgical,,302,"Nursing (RN, LPN);Hospital-based clinicians",specialization,,,
364SN0000X,Individual,Physician Assistants & Advanced Practice Nursing Providers,Clinical Nurse Specialist,Neonatal,,112,"Nursing (RN, LPN);Hospital-based clinicians;Pediatrics (children)",specialization,,,
364SN0800X,Individual,Physician Assistants & Advanced Practice Nursing Providers,Clinical Nurse Specialist,Neuroscience,,55,"Nursing (RN, LPN);Brain & nerves / neurology",specialization,,,
364SX0106X,Individual,Physician Assistants & Advanced Practice Nursing Providers,Clinical Nurse Specialist,Occupational Health,,28,"Nursing (RN, LPN);Primary care / family doctor",specialization,,,
364SX0200X,Individual,Physician Assistants & Advanced Practice Nursing Providers,Clinical Nurse Specialist,Oncology,,254,"Nursing (RN, LPN);Cancer care / oncology",specialization,,,Cancer care / oncology
364SX0204X,Individual,Physician Assistants & Advanced Practice Nursing Providers,Clinical Nurse Specialist,"Oncology, Pediatrics",,8,"Nursing (RN, LPN);Cancer care / oncology;Pediatrics (children)",specialization,,,Cancer care / oncology
364SP0200X,Individual,Physician Assistants & Advanced Practice Nursing Providers,Clinical Nurse Specialist,Pediatrics,,389,"Nursing (RN, LPN);Pediatrics (children)",specialization,,,
364SP1700X,Individual,Physician Assistants & Advanced Practice Nursing Providers,Clinical Nurse Specialist,Perinatal,,37,"Nursing (RN, LPN);Women's health / OB-GYN",specialization,,,
364SP2800X,Individual,Physician Assistants & Advanced Practice Nursing Providers,Clinical Nurse Specialist,Perioperative,,95,"Nursing (RN, LPN);Hospital-based clinicians;General surgery",specialization,,,
364SP0808X,Individual,Physician Assistants & Advanced Practice Nursing Providers,Clinical Nurse Specialist,Psychiatric/Mental Health,,1451,"Nursing (RN, LPN);Mental health & counseling",specialization,,,Mental health & counseling
364SP0809X,Individual,Physician Assistants & Advanced Practice Nursing Providers,Clinical Nurse Specialist,"Psychiatric/Mental Health, Adult",,1331,"Nursing (RN, LPN);Mental health & counseling",specialization,,,Mental health & counseling
364SP0807X,Individual,Physician Assistants & Advanced Practice Nursing Providers,Clinical Nurse Specialist,"Psychiatric/Mental Health, Child & Adolescent",,289,"Nursing (RN, LPN);Mental health & counseling;Pediatrics (children)",specialization,,,Mental health & counseling
364SP0810X,Individual,Physician Assistants & Advanced Practice Nursing Providers,Clinical Nurse Specialist,"Psychiatric/Mental Health, Child & Family",,95,"Nursing (RN, LPN);Mental health & counseling;Pediatrics (children)",specialization,,,Mental health & counseling
364SP0811X,Individual,Physician Assistants & Advanced Practice Nursing Providers,Clinical Nurse Specialist,"Psychiatric/Mental Health, Chronically Ill",,4,"Nursing (RN, LPN);Mental health & counseling",specialization,,,Mental health & counseling
364SP0812X,Individual,Physician Assistants & Advanced Practice Nursing Providers,Clinical Nurse Specialist,"Psychiatric/Mental Health, Community",,48,"Nursing (RN, LPN);Mental health & counseling",specialization,,,Mental health & counseling
364SP0813X,Individual,Physician Assistants & Advanced Practice Nursing Providers,Clinical Nurse Specialist,"Psychiatric/Mental Health, Geropsychiatric",,69,"Nursing (RN, LPN);Mental health & counseling",specialization,,,Mental health & counseling
364SR0400X,Individual,Physician Assistants & Advanced Practice Nursing Providers,Clinical Nurse Specialist,Rehabilitation,,29,"Nursing (RN, LPN);Physical & occupational therapy",specialization,,,
364SS0200X,Individual,Physician Assistants & Advanced Practice Nursing Providers,Clinical Nurse Specialist,School,,34,"Nursing (RN, LPN);Pediatrics (children)",specialization,,,
364ST0500X,Individual,Physician Assistants & Advanced Practice Nursing Providers,Clinical Nurse Specialist,Transplantation,,8,"Nursing (RN, LPN);Hospital-based clinicians",specialization,,,
364SW0102X,Individual,Physician Assistants & Advanced Practice Nursing Providers,Clinical Nurse Specialist,Women's Health,,199,"Nursing (RN, LPN);Women's health / OB-GYN",specialization,,,
367500000X,Individual,Physician Assistants & Advanced Practice Nursing Providers,"Nurse Anesthetist, Certified Registered",,,98358,Hospital-based clinicians,classification,,,
363L00000X,Individual,Physician Assistants & Advanced Practice Nursing Providers,Nurse Practitioner,,,129763,Primary care / family doctor,classification,,,
363LA2100X,Individual,Physician Assistants & Advanced Practice Nursing Providers,Nurse Practitioner,Acute Care,,34776,Hospital-based clinicians,specialization,,,
363LA2200X,Individual,Physician Assistants & Advanced Practice Nursing Providers,Nurse Practitioner,Adult Health,,39560,Primary care / family doctor,specialization,,,Primary care / family doctor
363LC1500X,Individual,Physician Assistants & Advanced Practice Nursing Providers,Nurse Practitioner,Community Health,,500,Primary care / family doctor;Care coordination & community health,specialization,,,
363LC0200X,Individual,Physician Assistants & Advanced Practice Nursing Providers,Nurse Practitioner,Critical Care Medicine,,1861,Hospital-based clinicians,specialization,,,
363LF0000X,Individual,Physician Assistants & Advanced Practice Nursing Providers,Nurse Practitioner,Family,,312518,Primary care / family doctor,specialization,,,Primary care / family doctor
363LG0600X,Individual,Physician Assistants & Advanced Practice Nursing Providers,Nurse Practitioner,Gerontology,,14205,Primary care / family doctor,specialization,,,
363LN0000X,Individual,Physician Assistants & Advanced Practice Nursing Providers,Nurse Practitioner,Neonatal,,5982,Hospital-based clinicians,specialization,,,
363LN0005X,Individual,Physician Assistants & Advanced Practice Nursing Providers,Nurse Practitioner,"Neonatal, Critical Care",,2803,Hospital-based clinicians,specialization,,,
363LX0001X,Individual,Physician Assistants & Advanced Practice Nursing Providers,Nurse Practitioner,Obstetrics & Gynecology,,3527,Women's health / OB-GYN,specialization,,,Women's health / OB-GYN
363LX0106X,Individual,Physician Assistants & Advanced Practice Nursing Providers,Nurse Practitioner,Occupational Health,,472,Primary care / family doctor,specialization,,,
363LP0200X,Individual,Physician Assistants & Advanced Practice Nursing Providers,Nurse Practitioner,Pediatrics,,30169,Pediatrics (children);Primary care / family doctor,specialization,,,Pediatrics (children)
363LP0222X,Individual,Physician Assistants & Advanced Practice Nursing Providers,Nurse Practitioner,"Pediatrics, Critical Care",,1390,Hospital-based clinicians,specialization,yes,"spec lists Acute, Critical Care and Neonatal; also add Pediatrics?",Pediatrics (children)
363LP1700X,Individual,Physician Assistants & Advanced Practice Nursing Providers,Nurse Practitioner,Perinatal,,90,Women's health / OB-GYN,specialization,,,
363LP2300X,Individual,Physician Assistants & Advanced Practice Nursing Providers,Nurse Practitioner,Primary Care,,15135,Primary care / family doctor,specialization,,,
363LP0808X,Individual,Physician Assistants & Advanced Practice Nursing Providers,Nurse Practitioner,Psychiatric/Mental Health,,85065,Mental health & counseling,specialization,,,Mental health & counseling
363LS0200X,Individual,Physician Assistants & Advanced Practice Nursing Providers,Nurse Practitioner,School,,221,Pediatrics (children);Primary care / family doctor,specialization,,,
363LW0102X,Individual,Physician Assistants & Advanced Practice Nursing Providers,Nurse Practitioner,Women's Health,,12940,Women's health / OB-GYN,specialization,,,
363A00000X,Individual,Physician Assistants & Advanced Practice Nursing Providers,Physician Assistant,,,213413,Physician assistant;Primary care / family doctor,classification,,,
363AM0700X,Individual,Physician Assistants & Advanced Practice Nursing Providers,Physician Assistant,Medical,,49404,Physician assistant;Primary care / family doctor,specialization,,,
363AS0400X,Individual,Physician Assistants & Advanced Practice Nursing Providers,Physician Assistant,Surgical,,23985,Physician assistant;General surgery,specialization,,,
211D00000X,Individual,Podiatric Medicine & Surgery Service Providers,"Assistant, Podiatric",,,57,Foot & ankle / podiatry,classification,,,
213E00000X,Individual,Podiatric Medicine & Surgery Service Providers,Podiatrist,,,19639,Foot & ankle / podiatry,classification,,,Foot & ankle / podiatry
213ES0103X,Individual,Podiatric Medicine & Surgery Service Providers,Podiatrist,Foot & Ankle Surgery,,20559,Foot & ankle / podiatry,classification,,,Orthopedics & sports injury;Foot & ankle / podiatry
213ES0131X,Individual,Podiatric Medicine & Surgery Service Providers,Podiatrist,Foot Surgery,,3074,Foot & ankle / podiatry,classification,,,Orthopedics & sports injury;Foot & ankle / podiatry
213EG0000X,Individual,Podiatric Medicine & Surgery Service Providers,Podiatrist,General Practice,,0,Foot & ankle / podiatry,classification,,,Foot & ankle / podiatry
213EP1101X,Individual,Podiatric Medicine & Surgery Service Providers,Podiatrist,Primary Podiatric Medicine,,2082,Foot & ankle / podiatry,classification,,,Foot & ankle / podiatry
213EP0504X,Individual,Podiatric Medicine & Surgery Service Providers,Podiatrist,Public Medicine,,35,Foot & ankle / podiatry,classification,,,Foot & ankle / podiatry
213ER0200X,Individual,Podiatric Medicine & Surgery Service Providers,Podiatrist,Radiology,,13,Foot & ankle / podiatry,classification,,,Foot & ankle / podiatry
213ES0000X,Individual,Podiatric Medicine & Surgery Service Providers,Podiatrist,Sports Medicine,,153,Foot & ankle / podiatry,classification,,,Orthopedics & sports injury;Foot & ankle / podiatry
229N00000X,Individual,"Respiratory, Developmental, Rehabilitative and Restorative Service Providers",Anaplastologist,,,58,Medical equipment & supplies,classification,,,
221700000X,Individual,"Respiratory, Developmental, Rehabilitative and Restorative Service Providers",Art Therapist,,,1987,Mental health & counseling,classification,,,
224Y00000X,Individual,"Respiratory, Developmental, Rehabilitative and Restorative Service Providers",Clinical Exercise Physiologist,,,829,Physical & occupational therapy,classification,,,
225600000X,Individual,"Respiratory, Developmental, Rehabilitative and Restorative Service Providers",Dance Therapist,,,225,Mental health & counseling,classification,,,
222Q00000X,Individual,"Respiratory, Developmental, Rehabilitative and Restorative Service Providers",Developmental Therapist,,,17071,Physical & occupational therapy;Pediatrics (children),classification,yes,early intervention for young children,
226300000X,Individual,"Respiratory, Developmental, Rehabilitative and Restorative Service Providers",Kinesiotherapist,,,647,Physical & occupational therapy,classification,,,
225700000X,Individual,"Respiratory, Developmental, Rehabilitative and Restorative Service Providers",Massage Therapist,,,77210,"Acupuncture, massage & naturopathy",classification,,,"Acupuncture, massage & naturopathy"
224900000X,Individual,"Respiratory, Developmental, Rehabilitative and Restorative Service Providers",Mastectomy Fitter,,,259,Medical equipment & supplies,classification,,,
225A00000X,Individual,"Respiratory, Developmental, Rehabilitative and Restorative Service Providers",Music Therapist,,,3686,Mental health & counseling,classification,yes,"today under Acupuncture, massage & naturopathy","Acupuncture, massage & naturopathy"
225X00000X,Individual,"Respiratory, Developmental, Rehabilitative and Restorative Service Providers",Occupational Therapist,,,150590,Physical & occupational therapy,classification,,,Physical & occupational therapy
225XR0403X,Individual,"Respiratory, Developmental, Rehabilitative and Restorative Service Providers",Occupational Therapist,Driving and Community Mobility,,155,Physical & occupational therapy,classification,,,Physical & occupational therapy
225XE0001X,Individual,"Respiratory, Developmental, Rehabilitative and Restorative Service Providers",Occupational Therapist,Environmental Modification,,131,Physical & occupational therapy,classification,,,Physical & occupational therapy
225XE1200X,Individual,"Respiratory, Developmental, Rehabilitative and Restorative Service Providers",Occupational Therapist,Ergonomics,,96,Physical & occupational therapy,classification,,,Physical & occupational therapy
225XF0002X,Individual,"Respiratory, Developmental, Rehabilitative and Restorative Service Providers",Occupational Therapist,"Feeding, Eating & Swallowing",,60,Physical & occupational therapy,classification,,,Physical & occupational therapy
225XG0600X,Individual,"Respiratory, Developmental, Rehabilitative and Restorative Service Providers",Occupational Therapist,Gerontology,,943,Physical & occupational therapy,classification,,,Physical & occupational therapy
225XH1200X,Individual,"Respiratory, Developmental, Rehabilitative and Restorative Service Providers",Occupational Therapist,Hand,,3919,Physical & occupational therapy,classification,,,Physical & occupational therapy
225XH1300X,Individual,"Respiratory, Developmental, Rehabilitative and Restorative Service Providers",Occupational Therapist,Human Factors,,44,Physical & occupational therapy,classification,,,Physical & occupational therapy
225XL0004X,Individual,"Respiratory, Developmental, Rehabilitative and Restorative Service Providers",Occupational Therapist,Low Vision,,154,Physical & occupational therapy;Eye care,specialization,,,Physical & occupational therapy
225XM0800X,Individual,"Respiratory, Developmental, Rehabilitative and Restorative Service Providers",Occupational Therapist,Mental Health,,600,Physical & occupational therapy;Mental health & counseling,specialization,,,Mental health & counseling;Physical & occupational therapy
225XN1300X,Individual,"Respiratory, Developmental, Rehabilitative and Restorative Service Providers",Occupational Therapist,Neurorehabilitation,,737,Physical & occupational therapy,classification,,,Physical & occupational therapy
225XP0200X,Individual,"Respiratory, Developmental, Rehabilitative and Restorative Service Providers",Occupational Therapist,Pediatrics,,17524,Physical & occupational therapy;Pediatrics (children),specialization,,,Physical & occupational therapy
225XP0019X,Individual,"Respiratory, Developmental, Rehabilitative and Restorative Service Providers",Occupational Therapist,Physical Rehabilitation,,2785,Physical & occupational therapy,classification,,,Physical & occupational therapy
224Z00000X,Individual,"Respiratory, Developmental, Rehabilitative and Restorative Service Providers",Occupational Therapy Assistant,,,42196,Physical & occupational therapy,classification,,,Physical & occupational therapy
224ZR0403X,Individual,"Respiratory, Developmental, Rehabilitative and Restorative Service Providers",Occupational Therapy Assistant,Driving and Community Mobility,,79,Physical & occupational therapy,classification,,,Physical & occupational therapy
224ZE0001X,Individual,"Respiratory, Developmental, Rehabilitative and Restorative Service Providers",Occupational Therapy Assistant,Environmental Modification,,129,Physical & occupational therapy,classification,,,Physical & occupational therapy
224ZF0002X,Individual,"Respiratory, Developmental, Rehabilitative and Restorative Service Providers",Occupational Therapy Assistant,"Feeding, Eating & Swallowing",,74,Physical & occupational therapy,classification,,,Physical & occupational therapy
224ZL0004X,Individual,"Respiratory, Developmental, Rehabilitative and Restorative Service Providers",Occupational Therapy Assistant,Low Vision,,22,Physical & occupational therapy,classification,,,Physical & occupational therapy
225000000X,Individual,"Respiratory, Developmental, Rehabilitative and Restorative Service Providers",Orthotic Fitter,,,731,Medical equipment & supplies,classification,,,
222Z00000X,Individual,"Respiratory, Developmental, Rehabilitative and Restorative Service Providers",Orthotist,,,1386,Medical equipment & supplies,classification,,,
224L00000X,Individual,"Respiratory, Developmental, Rehabilitative and Restorative Service Providers",Pedorthist,,,298,Medical equipment & supplies;Foot & ankle / podiatry,classification,,,
225100000X,Individual,"Respiratory, Developmental, Rehabilitative and Restorative Service Providers",Physical Therapist,,,327495,Physical & occupational therapy,classification,,,Physical & occupational therapy
2251C2600X,Individual,"Respiratory, Developmental, Rehabilitative and Restorative Service Providers",Physical Therapist,Cardiopulmonary,,138,"Physical & occupational therapy;Lung, breathing & sleep",specialization,,,Physical & occupational therapy
2251E1300X,Individual,"Respiratory, Developmental, Rehabilitative and Restorative Service Providers",Physical Therapist,"Electrophysiology, Clinical",,233,Physical & occupational therapy,classification,,,Physical & occupational therapy
2251E1200X,Individual,"Respiratory, Developmental, Rehabilitative and Restorative Service Providers",Physical Therapist,Ergonomics,,78,Physical & occupational therapy,classification,,,Physical & occupational therapy
2251G0304X,Individual,"Respiratory, Developmental, Rehabilitative and Restorative Service Providers",Physical Therapist,Geriatrics,,2323,Physical & occupational therapy,classification,,,Physical & occupational therapy
2251H1200X,Individual,"Respiratory, Developmental, Rehabilitative and Restorative Service Providers",Physical Therapist,Hand,,247,Physical & occupational therapy,classification,,,Physical & occupational therapy
2251H1300X,Individual,"Respiratory, Developmental, Rehabilitative and Restorative Service Providers",Physical Therapist,Human Factors,,41,Physical & occupational therapy,classification,,,Physical & occupational therapy
2251N0400X,Individual,"Respiratory, Developmental, Rehabilitative and Restorative Service Providers",Physical Therapist,Neurology,,1310,Physical & occupational therapy;Brain & nerves / neurology,specialization,,,Physical & occupational therapy;Brain & nerves / neurology
2251X0800X,Individual,"Respiratory, Developmental, Rehabilitative and Restorative Service Providers",Physical Therapist,Orthopedic,,13723,Physical & occupational therapy,classification,,,Physical & occupational therapy
2251P0200X,Individual,"Respiratory, Developmental, Rehabilitative and Restorative Service Providers",Physical Therapist,Pediatrics,,8227,Physical & occupational therapy;Pediatrics (children),specialization,,,Physical & occupational therapy
2251S0007X,Individual,"Respiratory, Developmental, Rehabilitative and Restorative Service Providers",Physical Therapist,Sports,,1269,Physical & occupational therapy;Orthopedics & sports injury,specialization,,,Physical & occupational therapy
225200000X,Individual,"Respiratory, Developmental, Rehabilitative and Restorative Service Providers",Physical Therapy Assistant,,,62229,Physical & occupational therapy,classification,,,
224P00000X,Individual,"Respiratory, Developmental, Rehabilitative and Restorative Service Providers",Prosthetist,,,2358,Medical equipment & supplies,classification,,,
225B00000X,Individual,"Respiratory, Developmental, Rehabilitative and Restorative Service Providers",Pulmonary Function Technologist,,,92,"Lung, breathing & sleep",classification,,,"Lung, breathing & sleep"
225800000X,Individual,"Respiratory, Developmental, Rehabilitative and Restorative Service Providers",Recreation Therapist,,,2593,Physical & occupational therapy,classification,,,
226000000X,Individual,"Respiratory, Developmental, Rehabilitative and Restorative Service Providers",Recreational Therapist Assistant,,,151,Physical & occupational therapy,classification,,,
225C00000X,Individual,"Respiratory, Developmental, Rehabilitative and Restorative Service Providers",Rehabilitation Counselor,,,2240,Physical & occupational therapy,classification,yes,vocational rehabilitation,Mental health & counseling
225CA2400X,Individual,"Respiratory, Developmental, Rehabilitative and Restorative Service Providers",Rehabilitation Counselor,Assistive Technology Practitioner,,101,Physical & occupational therapy;Medical equipment & supplies,specialization,,,Mental health & counseling
225CA2500X,Individual,"Respiratory, Developmental, Rehabilitative and Restorative Service Providers",Rehabilitation Counselor,Assistive Technology Supplier,,43,Medical equipment & supplies,specialization,,,Mental health & counseling
225CX0006X,Individual,"Respiratory, Developmental, Rehabilitative and Restorative Service Providers",Rehabilitation Counselor,Orientation and Mobility Training Provider,,202,Eye care;Physical & occupational therapy,specialization,,,Mental health & counseling
225400000X,Individual,"Respiratory, Developmental, Rehabilitative and Restorative Service Providers",Rehabilitation Practitioner,,,21906,Mental health & counseling,classification,yes,psychiatric rehabilitation,
227800000X,Individual,"Respiratory, Developmental, Rehabilitative and Restorative Service Providers","Respiratory Therapist, Certified",,,1636,"Lung, breathing & sleep",classification,,,
2278C0205X,Individual,"Respiratory, Developmental, Rehabilitative and Restorative Service Providers","Respiratory Therapist, Certified",Critical Care,,178,"Lung, breathing & sleep;Hospital-based clinicians",specialization,,,
2278E1000X,Individual,"Respiratory, Developmental, Rehabilitative and Restorative Service Providers","Respiratory Therapist, Certified",Educational,,36,"Lung, breathing & sleep",classification,,,
2278E0002X,Individual,"Respiratory, Developmental, Rehabilitative and Restorative Service Providers","Respiratory Therapist, Certified",Emergency Care,,14,"Lung, breathing & sleep",classification,,,
2278G1100X,Individual,"Respiratory, Developmental, Rehabilitative and Restorative Service Providers","Respiratory Therapist, Certified",General Care,,195,"Lung, breathing & sleep",classification,,,
2278G0305X,Individual,"Respiratory, Developmental, Rehabilitative and Restorative Service Providers","Respiratory Therapist, Certified",Geriatric Care,,7,"Lung, breathing & sleep",classification,,,
2278H0200X,Individual,"Respiratory, Developmental, Rehabilitative and Restorative Service Providers","Respiratory Therapist, Certified",Home Health,,161,"Lung, breathing & sleep;Home health & in-home care",specialization,,,
2278P3900X,Individual,"Respiratory, Developmental, Rehabilitative and Restorative Service Providers","Respiratory Therapist, Certified",Neonatal/Pediatrics,,56,"Lung, breathing & sleep;Pediatrics (children)",specialization,,,
2278P3800X,Individual,"Respiratory, Developmental, Rehabilitative and Restorative Service Providers","Respiratory Therapist, Certified",Palliative/Hospice,,4,"Lung, breathing & sleep;Hospice & palliative care",specialization,,,
2278P4000X,Individual,"Respiratory, Developmental, Rehabilitative and Restorative Service Providers","Respiratory Therapist, Certified",Patient Transport,,28,"Lung, breathing & sleep",classification,,,
2278P1004X,Individual,"Respiratory, Developmental, Rehabilitative and Restorative Service Providers","Respiratory Therapist, Certified",Pulmonary Diagnostics,,53,"Lung, breathing & sleep",classification,,,"Lung, breathing & sleep"
2278P1006X,Individual,"Respiratory, Developmental, Rehabilitative and Restorative Service Providers","Respiratory Therapist, Certified",Pulmonary Function Technologist,,49,"Lung, breathing & sleep",classification,,,"Lung, breathing & sleep"
2278P1005X,Individual,"Respiratory, Developmental, Rehabilitative and Restorative Service Providers","Respiratory Therapist, Certified",Pulmonary Rehabilitation,,94,"Lung, breathing & sleep",classification,,,"Lung, breathing & sleep"
2278S1500X,Individual,"Respiratory, Developmental, Rehabilitative and Restorative Service Providers","Respiratory Therapist, Certified",SNF/Subacute Care,,33,"Lung, breathing & sleep;Nursing & assisted living",specialization,,,
227900000X,Individual,"Respiratory, Developmental, Rehabilitative and Restorative Service Providers","Respiratory Therapist, Registered",,,4393,"Lung, breathing & sleep",classification,,,
2279C0205X,Individual,"Respiratory, Developmental, Rehabilitative and Restorative Service Providers","Respiratory Therapist, Registered",Critical Care,,522,"Lung, breathing & sleep;Hospital-based clinicians",specialization,,,
2279E1000X,Individual,"Respiratory, Developmental, Rehabilitative and Restorative Service Providers","Respiratory Therapist, Registered",Educational,,75,"Lung, breathing & sleep",classification,,,
2279E0002X,Individual,"Respiratory, Developmental, Rehabilitative and Restorative Service Providers","Respiratory Therapist, Registered",Emergency Care,,22,"Lung, breathing & sleep",classification,,,
2279G1100X,Individual,"Respiratory, Developmental, Rehabilitative and Restorative Service Providers","Respiratory Therapist, Registered",General Care,,421,"Lung, breathing & sleep",classification,,,
2279G0305X,Individual,"Respiratory, Developmental, Rehabilitative and Restorative Service Providers","Respiratory Therapist, Registered",Geriatric Care,,4,"Lung, breathing & sleep",classification,,,
2279H0200X,Individual,"Respiratory, Developmental, Rehabilitative and Restorative Service Providers","Respiratory Therapist, Registered",Home Health,,194,"Lung, breathing & sleep;Home health & in-home care",specialization,,,
2279P3900X,Individual,"Respiratory, Developmental, Rehabilitative and Restorative Service Providers","Respiratory Therapist, Registered",Neonatal/Pediatrics,,191,"Lung, breathing & sleep;Pediatrics (children)",specialization,,,
2279P3800X,Individual,"Respiratory, Developmental, Rehabilitative and Restorative Service Providers","Respiratory Therapist, Registered",Palliative/Hospice,,3,"Lung, breathing & sleep;Hospice & palliative care",specialization,,,
2279P4000X,Individual,"Respiratory, Developmental, Rehabilitative and Restorative Service Providers","Respiratory Therapist, Registered",Patient Transport,,35,"Lung, breathing & sleep",classification,,,
2279P1004X,Individual,"Respiratory, Developmental, Rehabilitative and Restorative Service Providers","Respiratory Therapist, Registered",Pulmonary Diagnostics,,86,"Lung, breathing & sleep",classification,,,"Lung, breathing & sleep"
2279P1006X,Individual,"Respiratory, Developmental, Rehabilitative and Restorative Service Providers","Respiratory Therapist, Registered",Pulmonary Function Technologist,,100,"Lung, breathing & sleep",classification,,,"Lung, breathing & sleep"
2279P1005X,Individual,"Respiratory, Developmental, Rehabilitative and Restorative Service Providers","Respiratory Therapist, Registered",Pulmonary Rehabilitation,,119,"Lung, breathing & sleep",classification,,,"Lung, breathing & sleep"
2279S1500X,Individual,"Respiratory, Developmental, Rehabilitative and Restorative Service Providers","Respiratory Therapist, Registered",SNF/Subacute Care,,34,"Lung, breathing & sleep;Nursing & assisted living",specialization,,,
225500000X,Individual,"Respiratory, Developmental, Rehabilitative and Restorative Service Providers",Specialist/Technologist,,,599,Physical & occupational therapy,classification,,,
2255A2300X,Individual,"Respiratory, Developmental, Rehabilitative and Restorative Service Providers",Specialist/Technologist,Athletic Trainer,,46074,Orthopedics & sports injury;Physical & occupational therapy,specialization,,,
2255R0406X,Individual,"Respiratory, Developmental, Rehabilitative and Restorative Service Providers",Specialist/Technologist,"Rehabilitation, Blind",,369,Eye care;Physical & occupational therapy,specialization,,,
231H00000X,Individual,"Speech, Language and Hearing Service Providers",Audiologist,,,28431,Hearing & audiology,classification,,,Speech & hearing
231HA2400X,Individual,"Speech, Language and Hearing Service Providers",Audiologist,Assistive Technology Practitioner,,163,Hearing & audiology,classification,,,Speech & hearing
231HA2500X,Individual,"Speech, Language and Hearing Service Providers",Audiologist,Assistive Technology Supplier,,114,Hearing & audiology,classification,,,Speech & hearing
237600000X,Individual,"Speech, Language and Hearing Service Providers",Audiologist-Hearing Aid Fitter,,,5805,Hearing & audiology,classification,,,Speech & hearing
237700000X,Individual,"Speech, Language and Hearing Service Providers",Hearing Instrument Specialist,,,14524,Hearing & audiology,classification,,,Speech & hearing
235500000X,Individual,"Speech, Language and Hearing Service Providers",Specialist/Technologist,,,629,Speech & language therapy;Hearing & audiology,classification,,,
2355A2700X,Individual,"Speech, Language and Hearing Service Providers",Specialist/Technologist,Audiology Assistant,,122,Hearing & audiology,specialization,,,
2355S0801X,Individual,"Speech, Language and Hearing Service Providers",Specialist/Technologist,Speech-Language Assistant,,13047,Speech & language therapy,specialization,,,
235Z00000X,Individual,"Speech, Language and Hearing Service Providers",Speech-Language Pathologist,,,221959,Speech & language therapy,classification,,,Speech & hearing
390200000X,Individual,"Student, Health Care",Student in an Organized Health Care Education/Training Program,,,266302,,hidden,,hidden from the map and patient search (show_on_map=false),
242T00000X,Individual,"Technologists, Technicians & Other Technical Service Providers",Perfusionist,,,1525,Hospital-based clinicians,classification,,,
247100000X,Individual,"Technologists, Technicians & Other Technical Service Providers",Radiologic Technologist,,,1044,Imaging & lab,classification,,,
2471B0102X,Individual,"Technologists, Technicians & Other Technical Service Providers",Radiologic Technologist,Bone Densitometry,,63,Imaging & lab,classification,,,
2471C1106X,Individual,"Technologists, Technicians & Other Technical Service Providers",Radiologic Technologist,Cardiac-Interventional Technology,,16,Imaging & lab,classification,,,
2471C1101X,Individual,"Technologists, Technicians & Other Technical Service Providers",Radiologic Technologist,Cardiovascular-Interventional Technology,,37,Imaging & lab,classification,,,
2471C3401X,Individual,"Technologists, Technicians & Other Technical Service Providers",Radiologic Technologist,Computed Tomography,,225,Imaging & lab,classification,,,
2471M1202X,Individual,"Technologists, Technicians & Other Technical Service Providers",Radiologic Technologist,Magnetic Resonance Imaging,,448,Imaging & lab,classification,,,
2471M2300X,Individual,"Technologists, Technicians & Other Technical Service Providers",Radiologic Technologist,Mammography,,85,Imaging & lab,classification,,,
2471N0900X,Individual,"Technologists, Technicians & Other Technical Service Providers",Radiologic Technologist,Nuclear Medicine Technology,,171,Imaging & lab,classification,,,
2471Q0001X,Individual,"Technologists, Technicians & Other Technical Service Providers",Radiologic Technologist,Quality Management,,3,Imaging & lab,classification,,,
2471R0002X,Individual,"Technologists, Technicians & Other Technical Service Providers",Radiologic Technologist,Radiation Therapy,,163,Imaging & lab,classification,,,
2471C3402X,Individual,"Technologists, Technicians & Other Technical Service Providers",Radiologic Technologist,Radiography,,492,Imaging & lab,classification,,,
2471S1302X,Individual,"Technologists, Technicians & Other Technical Service Providers",Radiologic Technologist,Sonography,,965,Imaging & lab,classification,,,
2471V0105X,Individual,"Technologists, Technicians & Other Technical Service Providers",Radiologic Technologist,Vascular Sonography,,232,Imaging & lab,classification,,,
2471V0106X,Individual,"Technologists, Technicians & Other Technical Service Providers",Radiologic Technologist,Vascular-Interventional Technology,,37,Imaging & lab,classification,,,
243U00000X,Individual,"Technologists, Technicians & Other Technical Service Providers",Radiology Practitioner Assistant,,,404,Imaging & lab,classification,,,
246X00000X,Individual,"Technologists, Technicians & Other Technical Service Providers",Specialist/Technologist Cardiovascular,,,181,Heart / cardiology;Imaging & lab,classification,,,
246XC2901X,Individual,"Technologists, Technicians & Other Technical Service Providers",Specialist/Technologist Cardiovascular,Cardiovascular Invasive Specialist,,84,Heart / cardiology;Imaging & lab,classification,,,
246XS1301X,Individual,"Technologists, Technicians & Other Technical Service Providers",Specialist/Technologist Cardiovascular,Sonography,,520,Heart / cardiology;Imaging & lab,classification,,,
246XC2903X,Individual,"Technologists, Technicians & Other Technical Service Providers",Specialist/Technologist Cardiovascular,Vascular Specialist,,142,Heart / cardiology;Imaging & lab,classification,,,
246Y00000X,Individual,"Technologists, Technicians & Other Technical Service Providers","Specialist/Technologist, Health Information",,,360,Other health services,classification,,,
246YC3301X,Individual,"Technologists, Technicians & Other Technical Service Providers","Specialist/Technologist, Health Information","Coding Specialist, Hospital Based",,24,Other health services,classification,,,
246YC3302X,Individual,"Technologists, Technicians & Other Technical Service Providers","Specialist/Technologist, Health Information","Coding Specialist, Physician Office Based",,162,Other health services,classification,,,
246YR1600X,Individual,"Technologists, Technicians & Other Technical Service Providers","Specialist/Technologist, Health Information",Registered Record Administrator,,74,Other health services,classification,,,
246Z00000X,Individual,"Technologists, Technicians & Other Technical Service Providers","Specialist/Technologist, Other",,,2400,Other health services,classification,,,
246ZA2600X,Individual,"Technologists, Technicians & Other Technical Service Providers","Specialist/Technologist, Other","Art, Medical",,282,Other health services,classification,,,
246ZB0500X,Individual,"Technologists, Technicians & Other Technical Service Providers","Specialist/Technologist, Other",Biochemist,,16,Other health services,classification,,,
246ZB0301X,Individual,"Technologists, Technicians & Other Technical Service Providers","Specialist/Technologist, Other",Biomedical Engineering,,37,Other health services,classification,,,
246ZB0302X,Individual,"Technologists, Technicians & Other Technical Service Providers","Specialist/Technologist, Other",Biomedical Photographer,,7,Other health services,classification,,,
246ZB0600X,Individual,"Technologists, Technicians & Other Technical Service Providers","Specialist/Technologist, Other",Biostatistician,,0,Other health services,classification,,,
246ZE0500X,Individual,"Technologists, Technicians & Other Technical Service Providers","Specialist/Technologist, Other",EEG,,242,Brain & nerves / neurology,specialization,,,
246ZE0600X,Individual,"Technologists, Technicians & Other Technical Service Providers","Specialist/Technologist, Other",Electroneurodiagnostic,,4774,Brain & nerves / neurology,specialization,,,
246ZG1000X,Individual,"Technologists, Technicians & Other Technical Service Providers","Specialist/Technologist, Other","Geneticist, Medical (PhD)",,57,Genetics & genetic counseling,specialization,,,
246ZG0701X,Individual,"Technologists, Technicians & Other Technical Service Providers","Specialist/Technologist, Other",Graphics Methods,,4,Other health services,classification,,,
246ZI1000X,Individual,"Technologists, Technicians & Other Technical Service Providers","Specialist/Technologist, Other","Illustration, Medical",,14,Other health services,classification,,,
246ZN0300X,Individual,"Technologists, Technicians & Other Technical Service Providers","Specialist/Technologist, Other",Nephrology,,30,Kidney / nephrology,specialization,,,Kidney / nephrology
246ZX2200X,Individual,"Technologists, Technicians & Other Technical Service Providers","Specialist/Technologist, Other",Orthopedic Assistant,,167,Orthopedics & sports injury,specialization,,,
246ZC0007X,Individual,"Technologists, Technicians & Other Technical Service Providers","Specialist/Technologist, Other",Surgical Assistant,,5344,General surgery;Hospital-based clinicians,specialization,,,
246ZS0410X,Individual,"Technologists, Technicians & Other Technical Service Providers","Specialist/Technologist, Other",Surgical Technologist,,1976,General surgery;Hospital-based clinicians,specialization,,,
246Q00000X,Individual,"Technologists, Technicians & Other Technical Service Providers","Specialist/Technologist, Pathology",,,298,Imaging & lab,classification,,,Imaging & lab
246QB0000X,Individual,"Technologists, Technicians & Other Technical Service Providers","Specialist/Technologist, Pathology",Blood Banking,,19,Imaging & lab,classification,,,
246QC1000X,Individual,"Technologists, Technicians & Other Technical Service Providers","Specialist/Technologist, Pathology",Chemistry,,37,Imaging & lab,classification,,,Imaging & lab
246QC2700X,Individual,"Technologists, Technicians & Other Technical Service Providers","Specialist/Technologist, Pathology",Cytotechnology,,30,Imaging & lab,classification,,,
246QH0401X,Individual,"Technologists, Technicians & Other Technical Service Providers","Specialist/Technologist, Pathology",Hemapheresis Practitioner,,4,Imaging & lab,classification,,,
246QH0000X,Individual,"Technologists, Technicians & Other Technical Service Providers","Specialist/Technologist, Pathology",Hematology,,19,Imaging & lab,classification,,,
246QH0600X,Individual,"Technologists, Technicians & Other Technical Service Providers","Specialist/Technologist, Pathology",Histology,,64,Imaging & lab,classification,,,
246QI0000X,Individual,"Technologists, Technicians & Other Technical Service Providers","Specialist/Technologist, Pathology",Immunology,,16,Imaging & lab,classification,,,Imaging & lab
246QL0900X,Individual,"Technologists, Technicians & Other Technical Service Providers","Specialist/Technologist, Pathology",Laboratory Management,,170,Imaging & lab,classification,,,
246QL0901X,Individual,"Technologists, Technicians & Other Technical Service Providers","Specialist/Technologist, Pathology","Laboratory Management, Diplomate",,26,Imaging & lab,classification,,,
246QM0706X,Individual,"Technologists, Technicians & Other Technical Service Providers","Specialist/Technologist, Pathology",Medical Technologist,,677,Imaging & lab,classification,,,
246QM0900X,Individual,"Technologists, Technicians & Other Technical Service Providers","Specialist/Technologist, Pathology",Microbiology,,63,Imaging & lab,classification,,,
246W00000X,Individual,"Technologists, Technicians & Other Technical Service Providers","Technician, Cardiology",,,191,Heart / cardiology,classification,,,Heart / cardiology
247000000X,Individual,"Technologists, Technicians & Other Technical Service Providers","Technician, Health Information",,,1031,Other health services,classification,,,
2470A2800X,Individual,"Technologists, Technicians & Other Technical Service Providers","Technician, Health Information",Assistant Record Technician,,393,Other health services,classification,,,
247200000X,Individual,"Technologists, Technicians & Other Technical Service Providers","Technician, Other",,,12698,Other health services,classification,,,
2472B0301X,Individual,"Technologists, Technicians & Other Technical Service Providers","Technician, Other",Biomedical Engineering,,26,Other health services,classification,,,
2472D0500X,Individual,"Technologists, Technicians & Other Technical Service Providers","Technician, Other",Darkroom,,3,Other health services,classification,,,
2472E0500X,Individual,"Technologists, Technicians & Other Technical Service Providers","Technician, Other",EEG,,149,Brain & nerves / neurology,specialization,,,
2472R0900X,Individual,"Technologists, Technicians & Other Technical Service Providers","Technician, Other",Renal Dialysis,,89,Kidney / nephrology,specialization,,,
2472V0600X,Individual,"Technologists, Technicians & Other Technical Service Providers","Technician, Other",Veterinary,,4,Other health services,classification,,,
246R00000X,Individual,"Technologists, Technicians & Other Technical Service Providers","Technician, Pathology",,,98,Imaging & lab,classification,,,Imaging & lab
247ZC0005X,Individual,"Technologists, Technicians & Other Technical Service Providers","Technician, Pathology","Clinical Laboratory Director, Non-physician",,626,Imaging & lab,classification,,,
246RH0600X,Individual,"Technologists, Technicians & Other Technical Service Providers","Technician, Pathology",Histology,,27,Imaging & lab,classification,,,
246RM2200X,Individual,"Technologists, Technicians & Other Technical Service Providers","Technician, Pathology",Medical Laboratory,,411,Imaging & lab,classification,,,
246RP1900X,Individual,"Technologists, Technicians & Other Technical Service Providers","Technician, Pathology",Phlebotomy,,3414,Imaging & lab,classification,,,
251B00000X,Non-Individual,Agencies,Case Management,,,20480,,none,,,
251S00000X,Non-Individual,Agencies,Community/Behavioral Health,,,74140,Mental health & counseling,classification,,,Mental health & counseling
251C00000X,Non-Individual,Agencies,"Day Training, Developmentally Disabled Services",,,10957,,none,,,
252Y00000X,Non-Individual,Agencies,Early Intervention Provider Agency,,,9391,,none,,,
253J00000X,Non-Individual,Agencies,Foster Care Agency,,,2301,,none,,,
251E00000X,Non-Individual,Agencies,Home Health,,,95192,Home health & in-home care,classification,,,Home health & in-home care
251F00000X,Non-Individual,Agencies,Home Infusion,,,857,,none,,,
251G00000X,Non-Individual,Agencies,"Hospice Care, Community Based",,,17498,Hospice & palliative care;Home health & in-home care,classification,,,Home health & in-home care
253Z00000X,Non-Individual,Agencies,In Home Supportive Care,,,45952,Home health & in-home care,classification,,,Home health & in-home care
251300000X,Non-Individual,Agencies,Local Education Agency (LEA),,,16230,,none,,,
251J00000X,Non-Individual,Agencies,Nursing Care,,,6599,Home health & in-home care,classification,,,Home health & in-home care;Nursing & assisted living
251T00000X,Non-Individual,Agencies,Program of All-Inclusive Care for the Elderly (PACE) Provider Organization,,,669,,none,,,
251K00000X,Non-Individual,Agencies,Public Health or Welfare,,,8009,,none,,,
251X00000X,Non-Individual,Agencies,Supports Brokerage,,,951,,none,,,
251V00000X,Non-Individual,Agencies,Voluntary or Charitable,,,3060,,none,,,
261Q00000X,Non-Individual,Ambulatory Health Care Facilities,Clinic/Center,,,29092,,none,,,
261QM0855X,Non-Individual,Ambulatory Health Care Facilities,Clinic/Center,Adolescent and Children Mental Health,,4032,Mental health & counseling;Pediatrics (children),specialization,,,Mental health & counseling
261QA0600X,Non-Individual,Ambulatory Health Care Facilities,Clinic/Center,Adult Day Care,,7521,,none,,,
261QM0850X,Non-Individual,Ambulatory Health Care Facilities,Clinic/Center,Adult Mental Health,,10892,,none,,,Mental health & counseling
261QA0005X,Non-Individual,Ambulatory Health Care Facilities,Clinic/Center,Ambulatory Family Planning Facility,,677,,none,,,
261QA0006X,Non-Individual,Ambulatory Health Care Facilities,Clinic/Center,Ambulatory Fertility Facility,,144,,none,,,
261QA1903X,Non-Individual,Ambulatory Health Care Facilities,Clinic/Center,Ambulatory Surgical,,13938,Urgent care & emergency,specialization,yes,today under Urgent care; surgery centers are not walk-in,Urgent care & emergency
261QA0900X,Non-Individual,Ambulatory Health Care Facilities,Clinic/Center,Amputee,,22,Medical equipment & supplies;Physical & occupational therapy,specialization,,,
261QA3000X,Non-Individual,Ambulatory Health Care Facilities,Clinic/Center,Augmentative Communication,,15,Speech & language therapy,specialization,,,
261QB0400X,Non-Individual,Ambulatory Health Care Facilities,Clinic/Center,Birthing,,1422,,none,,,
261QC1500X,Non-Individual,Ambulatory Health Care Facilities,Clinic/Center,Community Health,,2956,Primary care / family doctor,specialization,,,Primary care / family doctor
261QC1800X,Non-Individual,Ambulatory Health Care Facilities,Clinic/Center,Corporate Health,,395,,none,,,
261QC0050X,Non-Individual,Ambulatory Health Care Facilities,Clinic/Center,Critical Access Hospital,,165,Urgent care & emergency,specialization,,,Urgent care & emergency
261QD0000X,Non-Individual,Ambulatory Health Care Facilities,Clinic/Center,Dental,,25751,Dental,specialization,,,Dental
261QD1600X,Non-Individual,Ambulatory Health Care Facilities,Clinic/Center,Developmental Disabilities,,3142,Pediatrics (children);Behavior therapy (ABA),specialization,yes,,
261QE0002X,Non-Individual,Ambulatory Health Care Facilities,Clinic/Center,Emergency Care,,1463,Urgent care & emergency,specialization,,,Urgent care & emergency
261QE0700X,Non-Individual,Ambulatory Health Care Facilities,Clinic/Center,End-Stage Renal Disease (ESRD) Treatment,,11404,Kidney / nephrology,specialization,,,Kidney / nephrology
261QE0800X,Non-Individual,Ambulatory Health Care Facilities,Clinic/Center,Endoscopy,,495,Digestive / gastroenterology,specialization,,,Digestive / gastroenterology
261QF0050X,Non-Individual,Ambulatory Health Care Facilities,Clinic/Center,"Family Planning, Non-Surgical",,655,Women's health / OB-GYN,specialization,,,
261QF0400X,Non-Individual,Ambulatory Health Care Facilities,Clinic/Center,Federally Qualified Health Center (FQHC),,18462,Primary care / family doctor,specialization,,,Primary care / family doctor
261QG0250X,Non-Individual,Ambulatory Health Care Facilities,Clinic/Center,Genetics,,102,,none,,,
261QH0100X,Non-Individual,Ambulatory Health Care Facilities,Clinic/Center,Health Service,,9493,,none,,,
261QH0700X,Non-Individual,Ambulatory Health Care Facilities,Clinic/Center,Hearing and Speech,,3991,Hearing & audiology;Speech & language therapy,specialization,,,Speech & hearing
261QI0500X,Non-Individual,Ambulatory Health Care Facilities,Clinic/Center,Infusion Therapy,,1334,Cancer care / oncology,specialization,yes,,
261QL0400X,Non-Individual,Ambulatory Health Care Facilities,Clinic/Center,Lithotripsy,,220,Urology,specialization,,,
261QM1200X,Non-Individual,Ambulatory Health Care Facilities,Clinic/Center,Magnetic Resonance Imaging (MRI),,1550,,none,,,
261QM2500X,Non-Individual,Ambulatory Health Care Facilities,Clinic/Center,Medical Specialty,,6588,Other health services,specialization,yes,,
261QM3000X,Non-Individual,Ambulatory Health Care Facilities,Clinic/Center,Medically Fragile Infants and Children Day Care,,381,Pediatrics (children);Home health & in-home care,specialization,,,
261QM0801X,Non-Individual,Ambulatory Health Care Facilities,Clinic/Center,Mental Health (Including Community Mental Health Center),,32610,Mental health & counseling,specialization,,,Mental health & counseling
261QM2800X,Non-Individual,Ambulatory Health Care Facilities,Clinic/Center,Methadone,,1840,Mental health & counseling,specialization,,,
261QM1000X,Non-Individual,Ambulatory Health Care Facilities,Clinic/Center,Migrant Health,,36,,none,,,
261QM1103X,Non-Individual,Ambulatory Health Care Facilities,Clinic/Center,Military Ambulatory Procedure Visits Operational (Transportable),,9,,none,,,
261QM1101X,Non-Individual,Ambulatory Health Care Facilities,Clinic/Center,Military and U.S. Coast Guard Ambulatory Procedure,,18,,none,,,
261QM1102X,Non-Individual,Ambulatory Health Care Facilities,Clinic/Center,Military Outpatient Operational (Transportable) Component,,18,,none,,,
261QM1100X,Non-Individual,Ambulatory Health Care Facilities,Clinic/Center,Military/U.S. Coast Guard Outpatient,,602,,none,,,
261QM1300X,Non-Individual,Ambulatory Health Care Facilities,Clinic/Center,Multi-Specialty,,13464,Primary care / family doctor,specialization,yes,,
261QX0100X,Non-Individual,Ambulatory Health Care Facilities,Clinic/Center,Occupational Medicine,,2073,Primary care / family doctor,specialization,,,
261QX0200X,Non-Individual,Ambulatory Health Care Facilities,Clinic/Center,Oncology,,411,Cancer care / oncology,specialization,,,Cancer care / oncology
261QX0203X,Non-Individual,Ambulatory Health Care Facilities,Clinic/Center,"Oncology, Radiation",,357,Cancer care / oncology,specialization,,,Cancer care / oncology
261QS0132X,Non-Individual,Ambulatory Health Care Facilities,Clinic/Center,Ophthalmologic Surgery,,658,,none,,,Orthopedics & sports injury
261QS0112X,Non-Individual,Ambulatory Health Care Facilities,Clinic/Center,Oral and Maxillofacial Surgery,,701,,none,,,Orthopedics & sports injury
261QP3300X,Non-Individual,Ambulatory Health Care Facilities,Clinic/Center,Pain,,1526,,none,,,
261QP2000X,Non-Individual,Ambulatory Health Care Facilities,Clinic/Center,Physical Therapy,,21996,Physical & occupational therapy,specialization,,,Physical & occupational therapy
261QP1100X,Non-Individual,Ambulatory Health Care Facilities,Clinic/Center,Podiatric,,1059,Foot & ankle / podiatry,specialization,,,Foot & ankle / podiatry
261QP2300X,Non-Individual,Ambulatory Health Care Facilities,Clinic/Center,Primary Care,,17908,Primary care / family doctor,specialization,,,Primary care / family doctor
261QP2400X,Non-Individual,Ambulatory Health Care Facilities,Clinic/Center,Prison Health,,303,,none,,,
261QP0904X,Non-Individual,Ambulatory Health Care Facilities,Clinic/Center,"Public Health, Federal",,127,,none,,,
261QP0905X,Non-Individual,Ambulatory Health Care Facilities,Clinic/Center,"Public Health, State or Local",,1087,,none,,,
261QR0200X,Non-Individual,Ambulatory Health Care Facilities,Clinic/Center,Radiology,,4573,Imaging & lab,specialization,,,Imaging & lab
261QR0206X,Non-Individual,Ambulatory Health Care Facilities,Clinic/Center,"Radiology, Mammography",,381,Imaging & lab;Women's health / OB-GYN,specialization,,,
261QR0208X,Non-Individual,Ambulatory Health Care Facilities,Clinic/Center,"Radiology, Mobile",,1230,Imaging & lab,specialization,,,Imaging & lab
261QR0207X,Non-Individual,Ambulatory Health Care Facilities,Clinic/Center,"Radiology, Mobile Mammography",,85,Imaging & lab;Women's health / OB-GYN,specialization,,,
261QR0800X,Non-Individual,Ambulatory Health Care Facilities,Clinic/Center,Recovery Care,,376,,none,,,
261QR0400X,Non-Individual,Ambulatory Health Care Facilities,Clinic/Center,Rehabilitation,,6021,Physical & occupational therapy,specialization,,,Physical & occupational therapy
261QR0404X,Non-Individual,Ambulatory Health Care Facilities,Clinic/Center,"Rehabilitation, Cardiac Facilities",,116,,none,,,Physical & occupational therapy
261QR0401X,Non-Individual,Ambulatory Health Care Facilities,Clinic/Center,"Rehabilitation, Comprehensive Outpatient Rehabilitation Facility (CORF)",,1367,Physical & occupational therapy,specialization,,,
261QR0405X,Non-Individual,Ambulatory Health Care Facilities,Clinic/Center,"Rehabilitation, Substance Use Disorder",,8052,Mental health & counseling,specialization,,,Physical & occupational therapy
261QR1100X,Non-Individual,Ambulatory Health Care Facilities,Clinic/Center,Research,,352,,none,,,
261QR1300X,Non-Individual,Ambulatory Health Care Facilities,Clinic/Center,Rural Health,,8847,Primary care / family doctor,specialization,,,
261QS1200X,Non-Individual,Ambulatory Health Care Facilities,Clinic/Center,Sleep Disorder Diagnostic,,3096,"Lung, breathing & sleep",specialization,,,"Lung, breathing & sleep"
261QS1000X,Non-Individual,Ambulatory Health Care Facilities,Clinic/Center,Student Health,,1347,,none,,,
261QU0200X,Non-Individual,Ambulatory Health Care Facilities,Clinic/Center,Urgent Care,,13156,Urgent care & emergency,specialization,,,Urgent care & emergency
261QV0200X,Non-Individual,Ambulatory Health Care Facilities,Clinic/Center,VA,,1504,,none,,,
273100000X,Non-Individual,Hospital Units,Epilepsy Unit,,,7,,none,,,
275N00000X,Non-Individual,Hospital Units,Medicare Defined Swing Bed Unit,,,1884,,none,,,
273R00000X,Non-Individual,Hospital Units,Psychiatric Unit,,,2471,,none,,,
273Y00000X,Non-Individual,Hospital Units,Rehabilitation Unit,,,1813,,none,,,Physical & occupational therapy
276400000X,Non-Individual,Hospital Units,"Rehabilitation, Substance Use Disorder Unit",,,402,Mental health & counseling,classification,,,Physical & occupational therapy
287300000X,Non-Individual,Hospitals,Christian Science Sanitorium,,,0,,none,,,
281P00000X,Non-Individual,Hospitals,Chronic Disease Hospital,,,326,,none,,,
281PC2000X,Non-Individual,Hospitals,Chronic Disease Hospital,Children,,80,,none,,,
282N00000X,Non-Individual,Hospitals,General Acute Care Hospital,,,16121,Urgent care & emergency,classification,,,Urgent care & emergency
282NC2000X,Non-Individual,Hospitals,General Acute Care Hospital,Children,,924,Urgent care & emergency;Pediatrics (children),specialization,,,
282NC0060X,Non-Individual,Hospitals,General Acute Care Hospital,Critical Access,,3336,Urgent care & emergency,classification,,,Urgent care & emergency
282NR1301X,Non-Individual,Hospitals,General Acute Care Hospital,Rural,,801,Urgent care & emergency,classification,,,
282NW0100X,Non-Individual,Hospitals,General Acute Care Hospital,Women,,147,Urgent care & emergency;Women's health / OB-GYN,specialization,,,
282E00000X,Non-Individual,Hospitals,Long Term Care Hospital,,,1100,,none,,,
286500000X,Non-Individual,Hospitals,Military Hospital,,,638,,none,,,
2865C1500X,Non-Individual,Hospitals,Military Hospital,Community Health,,0,,none,,,
2865M2000X,Non-Individual,Hospitals,Military Hospital,Military General Acute Care Hospital,,192,,none,,,Urgent care & emergency
2865X1600X,Non-Individual,Hospitals,Military Hospital,Military General Acute Care Hospital. Operational (Transportable),,23,,none,,,Urgent care & emergency
283Q00000X,Non-Individual,Hospitals,Psychiatric Hospital,,,2547,Mental health & counseling,classification,,,
283X00000X,Non-Individual,Hospitals,Rehabilitation Hospital,,,1331,Physical & occupational therapy,classification,,,Physical & occupational therapy
283XC2000X,Non-Individual,Hospitals,Rehabilitation Hospital,Children,,88,Physical & occupational therapy;Pediatrics (children),specialization,,,Physical & occupational therapy
282J00000X,Non-Individual,Hospitals,Religious Nonmedical Health Care Institution,,,137,,none,,,
284300000X,Non-Individual,Hospitals,Special Hospital,,,883,,none,,,
291U00000X,Non-Individual,Laboratories,Clinical Medical Laboratory,,,18817,Imaging & lab,classification,,,Imaging & lab
292200000X,Non-Individual,Laboratories,Dental Laboratory,,,157,,none,,,
291900000X,Non-Individual,Laboratories,Military Clinical Medical Laboratory,,,20,,none,,,Imaging & lab
293D00000X,Non-Individual,Laboratories,Physiological Laboratory,,,2003,Imaging & lab,classification,,,Imaging & lab
302F00000X,Non-Individual,Managed Care Organizations,Exclusive Provider Organization,,,2297,,none,,,
302R00000X,Non-Individual,Managed Care Organizations,Health Maintenance Organization,,,4642,,none,,,
305S00000X,Non-Individual,Managed Care Organizations,Point of Service,,,2723,,none,,,
305R00000X,Non-Individual,Managed Care Organizations,Preferred Provider Organization,,,3119,,none,,,
311500000X,Non-Individual,Nursing & Custodial Care Facilities,Alzheimer Center (Dementia Center),,,591,Nursing & assisted living,classification,,,
310400000X,Non-Individual,Nursing & Custodial Care Facilities,Assisted Living Facility,,,27676,Nursing & assisted living,classification,,,Nursing & assisted living
3104A0630X,Non-Individual,Nursing & Custodial Care Facilities,Assisted Living Facility,"Assisted Living, Behavioral Disturbances",,591,Nursing & assisted living,classification,,,Nursing & assisted living
3104A0625X,Non-Individual,Nursing & Custodial Care Facilities,Assisted Living Facility,"Assisted Living, Mental Illness",,1664,Nursing & assisted living,classification,,,Nursing & assisted living
317400000X,Non-Individual,Nursing & Custodial Care Facilities,Christian Science Facility,,,0,Nursing & assisted living,classification,yes,,
311Z00000X,Non-Individual,Nursing & Custodial Care Facilities,Custodial Care Facility,,,1018,Nursing & assisted living,classification,,,
311ZA0620X,Non-Individual,Nursing & Custodial Care Facilities,Custodial Care Facility,Adult Care Home,,6229,Nursing & assisted living,classification,,,Nursing & assisted living
315D00000X,Non-Individual,Nursing & Custodial Care Facilities,"Hospice, Inpatient",,,303,Hospice & palliative care,classification,,,
315P00000X,Non-Individual,Nursing & Custodial Care Facilities,"Intermediate Care Facility, Intellectual Disabilities",,,6277,Nursing & assisted living,classification,,,
310500000X,Non-Individual,Nursing & Custodial Care Facilities,"Intermediate Care Facility, Mental Illness",,,473,Nursing & assisted living;Mental health & counseling,classification,,,
313M00000X,Non-Individual,Nursing & Custodial Care Facilities,Nursing Facility/Intermediate Care Facility,,,2774,Nursing & assisted living,classification,,,Home health & in-home care;Nursing & assisted living
314000000X,Non-Individual,Nursing & Custodial Care Facilities,Skilled Nursing Facility,,,34350,Nursing & assisted living,classification,,,Home health & in-home care;Nursing & assisted living
3140N1450X,Non-Individual,Nursing & Custodial Care Facilities,Skilled Nursing Facility,"Nursing Care, Pediatric",,603,Nursing & assisted living,classification,,,Home health & in-home care;Nursing & assisted living
177F00000X,Non-Individual,Other Service Providers,Lodging,,,673,,none,,,
174200000X,Non-Individual,Other Service Providers,Meals,,,430,,none,,,
320800000X,Non-Individual,Residential Treatment Facilities,"Community Based Residential Treatment Facility, Mental Illness",,,6017,,none,,,
320900000X,Non-Individual,Residential Treatment Facilities,"Community Based Residential Treatment Facility, Intellectual and/or Developmental Disabilities",,,13357,,none,,,
323P00000X,Non-Individual,Residential Treatment Facilities,Psychiatric Residential Treatment Facility,,,2363,,none,,,
322D00000X,Non-Individual,Residential Treatment Facilities,"Residential Treatment Facility, Emotionally Disturbed Children",,,3530,Mental health & counseling;Pediatrics (children),classification,,,
320600000X,Non-Individual,Residential Treatment Facilities,"Residential Treatment Facility, Intellectual and/or Developmental Disabilities",,,5990,,none,,,
320700000X,Non-Individual,Residential Treatment Facilities,"Residential Treatment Facility, Physical Disabilities",,,948,,none,,,
324500000X,Non-Individual,Residential Treatment Facilities,Substance Abuse Rehabilitation Facility,,,11598,Mental health & counseling,classification,,,
3245S0500X,Non-Individual,Residential Treatment Facilities,Substance Abuse Rehabilitation Facility,"Substance Abuse Treatment, Children",,685,Mental health & counseling,classification,,,
385H00000X,Non-Individual,Respite Care Facility,Respite Care,,,3449,,none,,,
385HR2050X,Non-Individual,Respite Care Facility,Respite Care,Respite Care Camp,,121,,none,,,
385HR2055X,Non-Individual,Respite Care Facility,Respite Care,"Respite Care, Mental Illness, Child",,543,,none,,,
385HR2060X,Non-Individual,Respite Care Facility,Respite Care,"Respite Care, Intellectual and/or Developmental Disabilities, Child",,1259,,none,,,
385HR2065X,Non-Individual,Respite Care Facility,Respite Care,"Respite Care, Physical Disabilities, Child",,237,,none,,,
331L00000X,Non-Individual,Suppliers,Blood Bank,,,43,,none,,,
332100000X,Non-Individual,Suppliers,Department of Veterans Affairs (VA) Pharmacy,,,296,,none,,,Pharmacy
332B00000X,Non-Individual,Suppliers,Durable Medical Equipment & Medical Supplies,,,56257,Medical equipment & supplies,classification,,,Medical equipment & supplies
332BC3200X,Non-Individual,Suppliers,Durable Medical Equipment & Medical Supplies,Customized Equipment,,5076,Medical equipment & supplies,classification,,,Medical equipment & supplies
332BD1200X,Non-Individual,Suppliers,Durable Medical Equipment & Medical Supplies,Dialysis Equipment & Supplies,,155,Medical equipment & supplies,classification,,,
332BN1400X,Non-Individual,Suppliers,Durable Medical Equipment & Medical Supplies,Nursing Facility Supplies,,277,Medical equipment & supplies,classification,,,Home health & in-home care;Nursing & assisted living
332BX2000X,Non-Individual,Suppliers,Durable Medical Equipment & Medical Supplies,Oxygen Equipment & Supplies,,6121,Medical equipment & supplies,classification,,,
332BP3500X,Non-Individual,Suppliers,Durable Medical Equipment & Medical Supplies,Parenteral & Enteral Nutrition,,704,Medical equipment & supplies,classification,,,Nutrition & dietitian
333300000X,Non-Individual,Suppliers,Emergency Response System Companies,,,533,,none,,,
332G00000X,Non-Individual,Suppliers,Eye Bank,,,16,,none,,,
332H00000X,Non-Individual,Suppliers,Eyewear Supplier,,,17070,Eye care,classification,,,Eye care
332S00000X,Non-Individual,Suppliers,Hearing Aid Equipment,,,4182,Hearing & audiology;Medical equipment & supplies,classification,,,Medical equipment & supplies
332U00000X,Non-Individual,Suppliers,Home Delivered Meals,,,848,,none,,,
332800000X,Non-Individual,Suppliers,Indian Health Service/Tribal/Urban Indian Health (I/T/U) Pharmacy,,,365,,none,,,Pharmacy
335G00000X,Non-Individual,Suppliers,Medical Foods Supplier,,,66,,none,,,
332000000X,Non-Individual,Suppliers,Military/U.S. Coast Guard Pharmacy,,,496,,none,,,Pharmacy
332900000X,Non-Individual,Suppliers,Non-Pharmacy Dispensing Site,,,4276,,none,,,Pharmacy
335U00000X,Non-Individual,Suppliers,Organ Procurement Organization,,,47,,none,,,
333600000X,Non-Individual,Suppliers,Pharmacy,,,30339,Pharmacy,classification,,,Pharmacy
3336C0002X,Non-Individual,Suppliers,Pharmacy,Clinic Pharmacy,,1670,Pharmacy,classification,,,Pharmacy
3336C0003X,Non-Individual,Suppliers,Pharmacy,Community/Retail Pharmacy,,64012,Pharmacy,classification,,,Pharmacy
3336C0004X,Non-Individual,Suppliers,Pharmacy,Compounding Pharmacy,,1204,Pharmacy,classification,,,Pharmacy
3336H0001X,Non-Individual,Suppliers,Pharmacy,Home Infusion Therapy Pharmacy,,1366,Pharmacy,classification,,,Pharmacy
3336I0012X,Non-Individual,Suppliers,Pharmacy,Institutional Pharmacy,,959,Pharmacy,classification,,,Pharmacy
3336L0003X,Non-Individual,Suppliers,Pharmacy,Long Term Care Pharmacy,,8637,Pharmacy,classification,,,Pharmacy
3336M0002X,Non-Individual,Suppliers,Pharmacy,Mail Order Pharmacy,,634,Pharmacy,classification,,,Pharmacy
3336M0003X,Non-Individual,Suppliers,Pharmacy,Managed Care Organization Pharmacy,,220,Pharmacy,classification,,,Pharmacy
3336N0007X,Non-Individual,Suppliers,Pharmacy,Nuclear Pharmacy,,32,Pharmacy,classification,,,Pharmacy
3336S0011X,Non-Individual,Suppliers,Pharmacy,Specialty Pharmacy,,1351,Pharmacy,classification,,,Pharmacy
335V00000X,Non-Individual,Suppliers,Portable X-ray and/or Other Portable Diagnostic Imaging Supplier,,,1450,,none,,,
335E00000X,Non-Individual,Suppliers,Prosthetic/Orthotic Supplier,,,9648,Medical equipment & supplies,classification,,,Medical equipment & supplies
344800000X,Non-Individual,Transportation Services,Air Carrier,,,15,,none,,,
341600000X,Non-Individual,Transportation Services,Ambulance,,,6623,Urgent care & emergency,classification,,,
3416A0800X,Non-Individual,Transportation Services,Ambulance,Air Transport,,1385,Urgent care & emergency,classification,,,
3416L0300X,Non-Individual,Transportation Services,Ambulance,Land Transport,,12588,Urgent care & emergency,classification,,,
3416S0300X,Non-Individual,Transportation Services,Ambulance,Water Transport,,6,Urgent care & emergency,classification,,,
347B00000X,Non-Individual,Transportation Services,Bus,,,256,,none,,,
341800000X,Non-Individual,Transportation Services,Military/U.S. Coast Guard Transport,,,1,,none,,,
3418M1120X,Non-Individual,Transportation Services,Military/U.S. Coast Guard Transport,"Military or U.S. Coast Guard Ambulance, Air Transport",,2,,none,,,
3418M1110X,Non-Individual,Transportation Services,Military/U.S. Coast Guard Transport,"Military or U.S. Coast Guard Ambulance, Ground Transport",,4,,none,,,
3418M1130X,Non-Individual,Transportation Services,Military/U.S. Coast Guard Transport,"Military or U.S. Coast Guard Ambulance, Water Transport",,1,,none,,,
343900000X,Non-Individual,Transportation Services,Non-emergency Medical Transport (VAN),,,33331,,none,,,
347C00000X,Non-Individual,Transportation Services,Private Vehicle,,,3787,,none,,,
343800000X,Non-Individual,Transportation Services,Secured Medical Transport (VAN),,,1858,,none,,,
344600000X,Non-Individual,Transportation Services,Taxi,,,1868,,none,,,
347D00000X,Non-Individual,Transportation Services,Train,,,7,,none,,,
347E00000X,Non-Individual,Transportation Services,Transportation Broker,,,1415,,none,,,
342000000X,Non-Individual,Transportation Services,Transportation Network Company,,,1578,,none,,,
