nucc_code,grouping,classification,specialization,display_name,section,cms_specialty_code,cms_specialty_name,patient_specialties,show_on_map
193200000X,Group,Multi-Specialty,,Multi-Specialty Group,Individual,,,,true
193400000X,Group,Single Specialty,,Single Specialty Group,Individual,,,,true
207K00000X,Allopathic & Osteopathic Physicians,Allergy & Immunology,,Allergy & Immunology Physician,Individual,,,,true
207KA0200X,Allopathic & Osteopathic Physicians,Allergy & Immunology,Allergy,Allergy Physician,Individual,,,,true
207KI0005X,Allopathic & Osteopathic Physicians,Allergy & Immunology,Clinical & Laboratory Immunology,Clinical & Laboratory Immunology (Allergy & Immunology) Physician,Individual,,,,true
207L00000X,Allopathic & Osteopathic Physicians,Anesthesiology,,Anesthesiology Physician,Individual,,,,true
207LA0401X,Allopathic & Osteopathic Physicians,Anesthesiology,Addiction Medicine,Addiction Medicine (Anesthesiology) Physician,Individual,,,,true
207LC0200X,Allopathic & Osteopathic Physicians,Anesthesiology,Critical Care Medicine,Critical Care Medicine (Anesthesiology) Physician,Individual,,,,true
207LH0002X,Allopathic & Osteopathic Physicians,Anesthesiology,Hospice and Palliative Medicine,Hospice and Palliative Medicine (Anesthesiology) Physician,Individual,,,,true
207LP2900X,Allopathic & Osteopathic Physicians,Anesthesiology,Pain Medicine,Pain Medicine (Anesthesiology) Physician,Individual,,,,true
207LP3000X,Allopathic & Osteopathic Physicians,Anesthesiology,Pediatric Anesthesiology,Pediatric Anesthesiology Physician,Individual,,,,true
207LP4000X,Allopathic & Osteopathic Physicians,Anesthesiology,Physician Nutrition Specialist,Physician Nutrition Specialist (Anesthesiology),Individual,,,,true
208U00000X,Allopathic & Osteopathic Physicians,Clinical Pharmacology,,Clinical Pharmacology Physician,Individual,,,,true
208C00000X,Allopathic & Osteopathic Physicians,Colon & Rectal Surgery,,Colon & Rectal Surgery Physician,Individual,,,,true
207N00000X,Allopathic & Osteopathic Physicians,Dermatology,,Dermatology Physician,Individual,,,,true
207NI0002X,Allopathic & Osteopathic Physicians,Dermatology,Clinical & Laboratory Dermatological Immunology,Clinical & Laboratory Dermatological Immunology Physician,Individual,,,,true
207ND0900X,Allopathic & Osteopathic Physicians,Dermatology,Dermatopathology,Dermatopathology Physician,Individual,,,,true
207ND0101X,Allopathic & Osteopathic Physicians,Dermatology,MOHS-Micrographic Surgery,MOHS-Micrographic Surgery Physician,Individual,,,,true
207NP0225X,Allopathic & Osteopathic Physicians,Dermatology,Pediatric Dermatology,Pediatric Dermatology Physician,Individual,,,,true
207NS0135X,Allopathic & Osteopathic Physicians,Dermatology,Procedural Dermatology,Procedural Dermatology Physician,Individual,,,,true
204R00000X,Allopathic & Osteopathic Physicians,Electrodiagnostic Medicine,,Electrodiagnostic Medicine Physician,Individual,,,,true
207P00000X,Allopathic & Osteopathic Physicians,Emergency Medicine,,Emergency Medicine Physician,Individual,,,,true
207PE0004X,Allopathic & Osteopathic Physicians,Emergency Medicine,Emergency Medical Services,Emergency Medical Services (Emergency Medicine) Physician,Individual,,,,true
207PH0002X,Allopathic & Osteopathic Physicians,Emergency Medicine,Hospice and Palliative Medicine,Hospice and Palliative Medicine (Emergency Medicine) Physician,Individual,,,,true
207PT0002X,Allopathic & Osteopathic Physicians,Emergency Medicine,Medical Toxicology,Medical Toxicology (Emergency Medicine) Physician,Individual,,,,true
207PP0204X,Allopathic & Osteopathic Physicians,Emergency Medicine,Pediatric Emergency Medicine,Pediatric Emergency Medicine (Emergency Medicine) Physician,Individual,,,,true
207PS0010X,Allopathic & Osteopathic Physicians,Emergency Medicine,Sports Medicine,Sports Medicine (Emergency Medicine) Physician,Individual,,,,true
207PE0005X,Allopathic & Osteopathic Physicians,Emergency Medicine,Undersea and Hyperbaric Medicine,Undersea and Hyperbaric Medicine (Emergency Medicine) Physician,Individual,,,,true
207Q00000X,Allopathic & Osteopathic Physicians,Family Medicine,,Family Medicine Physician,Individual,,,,true
207QA0401X,Allopathic & Osteopathic Physicians,Family Medicine,Addiction Medicine,Addiction Medicine (Family Medicine) Physician,Individual,,,,true
207QA0000X,Allopathic & Osteopathic Physicians,Family Medicine,Adolescent Medicine,Adolescent Medicine (Family Medicine) Physician,Individual,,,,true
207QA0505X,Allopathic & Osteopathic Physicians,Family Medicine,Adult Medicine,Adult Medicine Physician,Individual,,,,true
207QD0401X,Allopathic & Osteopathic Physicians,Family Medicine,Diabetology,Diabetology (Family Medicine) Physician,Individual,,,,true
207QG0300X,Allopathic & Osteopathic Physicians,Family Medicine,Geriatric Medicine,Geriatric Medicine (Family Medicine) Physician,Individual,,,,true
207QH0002X,Allopathic & Osteopathic Physicians,Family Medicine,Hospice and Palliative Medicine,Hospice and Palliative Medicine (Family Medicine) Physician,Individual,,,,true
207QB0002X,Allopathic & Osteopathic Physicians,Family Medicine,Obesity Medicine,Obesity Medicine (Family Medicine) Physician,Individual,,,,true
207QP0002X,Allopathic & Osteopathic Physicians,Family Medicine,Physician Nutrition Specialist,Physician Nutrition Specialist (Family Medicine),Individual,,,,true
207QS1201X,Allopathic & Osteopathic Physicians,Family Medicine,Sleep Medicine,Sleep Medicine (Family Medicine) Physician,Individual,,,,true
207QS0010X,Allopathic & Osteopathic Physicians,Family Medicine,Sports Medicine,Sports Medicine (Family Medicine) Physician,Individual,,,,true
208D00000X,Allopathic & Osteopathic Physicians,General Practice,,General Practice Physician,Individual,,,,true
208M00000X,Allopathic & Osteopathic Physicians,Hospitalist,,Hospitalist Physician,Individual,,,,true
202C00000X,Allopathic & Osteopathic Physicians,Independent Medical Examiner,,Independent Medical Examiner Physician,Individual,,,,true
202D00000X,Allopathic & Osteopathic Physicians,Integrative Medicine,,Integrative Medicine Physician,Individual,,,,true
207R00000X,Allopathic & Osteopathic Physicians,Internal Medicine,,Internal Medicine Physician,Individual,,,,true
207RA0401X,Allopathic & Osteopathic Physicians,Internal Medicine,Addiction Medicine,Addiction Medicine (Internal Medicine) Physician,Individual,,,,true
207RA0000X,Allopathic & Osteopathic Physicians,Internal Medicine,Adolescent Medicine,Adolescent Medicine (Internal Medicine) Physician,Individual,,,,true
207RA0002X,Allopathic & Osteopathic Physicians,Internal Medicine,Adult Congenital Heart Disease,Adult Congenital Heart Disease Physician,Individual,,,,true
207RA0001X,Allopathic & Osteopathic Physicians,Internal Medicine,Advanced Heart Failure and Transplant Cardiology,Advanced Heart Failure and Transplant Cardiology Physician,Individual,,,,true
207RA0201X,Allopathic & Osteopathic Physicians,Internal Medicine,Allergy & Immunology,Allergy & Immunology (Internal Medicine) Physician,Individual,,,,true
207RC0000X,Allopathic & Osteopathic Physicians,Internal Medicine,Cardiovascular Disease,Cardiovascular Disease Physician,Individual,,,,true
207RI0001X,Allopathic & Osteopathic Physicians,Internal Medicine,Clinical & Laboratory Immunology,Clinical & Laboratory Immunology (Internal Medicine) Physician,Individual,,,,true
207RC0001X,Allopathic & Osteopathic Physicians,Internal Medicine,Clinical Cardiac Electrophysiology,Clinical Cardiac Electrophysiology Physician,Individual,,,,true
207RC0200X,Allopathic & Osteopathic Physicians,Internal Medicine,Critical Care Medicine,Critical Care Medicine (Internal Medicine) Physician,Individual,,,,true
207QB0505X,Allopathic & Osteopathic Physicians,Internal Medicine,Diabetology,Diabetology (Internal Medicine) Physician,Individual,,,,true
207RE0101X,Allopathic & Osteopathic Physicians,Internal Medicine,"Endocrinology, Diabetes & Metabolism","Endocrinology, Diabetes & Metabolism Physician",Individual,,,,true
207RG0100X,Allopathic & Osteopathic Physicians,Internal Medicine,Gastroenterology,Gastroenterology Physician,Individual,,,,true
207RG0300X,Allopathic & Osteopathic Physicians,Internal Medicine,Geriatric Medicine,Geriatric Medicine (Internal Medicine) Physician,Individual,,,,true
207RH0000X,Allopathic & Osteopathic Physicians,Internal Medicine,Hematology,Hematology (Internal Medicine) Physician,Individual,,,,true
207RH0003X,Allopathic & Osteopathic Physicians,Internal Medicine,Hematology & Oncology,Hematology & Oncology Physician,Individual,,,,true
207RI0008X,Allopathic & Osteopathic Physicians,Internal Medicine,Hepatology,Hepatology Physician,Individual,,,,true
207RH0002X,Allopathic & Osteopathic Physicians,Internal Medicine,Hospice and Palliative Medicine,Hospice and Palliative Medicine (Internal Medicine) Physician,Individual,,,,true
207RH0005X,Allopathic & Osteopathic Physicians,Internal Medicine,Hypertension Specialist,Hypertension Specialist Physician,Individual,,,,true
207RI0200X,Allopathic & Osteopathic Physicians,Internal Medicine,Infectious Disease,Infectious Disease Physician,Individual,,,,true
207RI0011X,Allopathic & Osteopathic Physicians,Internal Medicine,Interventional Cardiology,Interventional Cardiology Physician,Individual,,,,true
207RM1200X,Allopathic & Osteopathic Physicians,Internal Medicine,Magnetic Resonance Imaging (MRI),Magnetic Resonance Imaging (MRI) Internal Medicine Physician,Individual,,,,true
207RX0202X,Allopathic & Osteopathic Physicians,Internal Medicine,Medical Oncology,Medical Oncology Physician,Individual,,,,true
207RN0300X,Allopathic & Osteopathic Physicians,Internal Medicine,Nephrology,Nephrology Physician,Individual,,,,true
207RB0002X,Allopathic & Osteopathic Physicians,Internal Medicine,Obesity Medicine,Obesity Medicine (Internal Medicine) Physician,Individual,,,,true
207RP1002X,Allopathic & Osteopathic Physicians,Internal Medicine,Physician Nutrition Specialist,Physician Nutrition Specialist (Internal Medicine),Individual,,,,true
207RP1001X,Allopathic & Osteopathic Physicians,Internal Medicine,Pulmonary Disease,Pulmonary Disease Physician,Individual,,,,true
207RR0500X,Allopathic & Osteopathic Physicians,Internal Medicine,Rheumatology,Rheumatology Physician,Individual,,,,true
207RS0012X,Allopathic & Osteopathic Physicians,Internal Medicine,Sleep Medicine,Sleep Medicine (Internal Medicine) Physician,Individual,,,,true
207RS0010X,Allopathic & Osteopathic Physicians,Internal Medicine,Sports Medicine,Sports Medicine (Internal Medicine) Physician,Individual,,,,true
207RT0003X,Allopathic & Osteopathic Physicians,Internal Medicine,Transplant Hepatology,Transplant Hepatology Physician,Individual,,,,true
209800000X,Allopathic & Osteopathic Physicians,Legal Medicine,,Legal Medicine (M.D./D.O.) Physician,Individual,,,,true
207SG0202X,Allopathic & Osteopathic Physicians,Medical Genetics,Clinical Biochemical Genetics,Clinical Biochemical Genetics Physician,Individual,,,,true
207SC0300X,Allopathic & Osteopathic Physicians,Medical Genetics,Clinical Cytogenetics,Clinical Cytogenetics Physician,Individual,,,,true
207SG0201X,Allopathic & Osteopathic Physicians,Medical Genetics,Clinical Genetics (M.D.),Clinical Genetics (M.D.) Physician,Individual,,,,true
207SG0203X,Allopathic & Osteopathic Physicians,Medical Genetics,Clinical Molecular Genetics,Clinical Molecular Genetics Physician,Individual,,,,true
207SG0207X,Allopathic & Osteopathic Physicians,Medical Genetics,Medical Biochemical Genetics,Medical Biochemical Genetics,Individual,,,,true
207SM0001X,Allopathic & Osteopathic Physicians,Medical Genetics,Molecular Genetic Pathology,Molecular Genetic Pathology (Medical Genetics) Physician,Individual,,,,true
207SG0205X,Allopathic & Osteopathic Physicians,Medical Genetics,Ph.D. Medical Genetics,Ph.D. Medical Genetics Physician,Individual,,,,true
207T00000X,Allopathic & Osteopathic Physicians,Neurological Surgery,,Neurological Surgery Physician,Individual,,,,true
204D00000X,Allopathic & Osteopathic Physicians,Neuromusculoskeletal Medicine & OMM,,Neuromusculoskeletal Medicine & OMM Physician,Individual,,,,true
204C00000X,Allopathic & Osteopathic Physicians,"Neuromusculoskeletal Medicine, Sports Medicine",,Sports Medicine (Neuromusculoskeletal Medicine) Physician,Individual,,,,true
207U00000X,Allopathic & Osteopathic Physicians,Nuclear Medicine,,Nuclear Medicine Physician,Individual,,,,true
207UN0903X,Allopathic & Osteopathic Physicians,Nuclear Medicine,In Vivo & In Vitro Nuclear Medicine,In Vivo & In Vitro Nuclear Medicine Physician,Individual,,,,true
207UN0901X,Allopathic & Osteopathic Physicians,Nuclear Medicine,Nuclear Cardiology,Nuclear Cardiology Physician,Individual,,,,true
207UN0902X,Allopathic & Osteopathic Physicians,Nuclear Medicine,Nuclear Imaging & Therapy,Nuclear Imaging & Therapy Physician,Individual,,,,true
207V00000X,Allopathic & Osteopathic Physicians,Obstetrics & Gynecology,,Obstetrics & Gynecology Physician,Individual,,,,true
207VC0300X,Allopathic & Osteopathic Physicians,Obstetrics & Gynecology,Complex Family Planning,Complex Family Planning Physician,Individual,,,,true
207VC0200X,Allopathic & Osteopathic Physicians,Obstetrics & Gynecology,Critical Care Medicine,Critical Care Medicine (Obstetrics & Gynecology) Physician,Individual,,,,true
207VF0040X,Allopathic & Osteopathic Physicians,Obstetrics & Gynecology,Urogynecology and Reconstructive Pelvic Surgery,Urogynecology and Reconstructive Pelvic Surgery (Obstetrics & Gynecology) Physician,Individual,,,,true
207VX0201X,Allopathic & Osteopathic Physicians,Obstetrics & Gynecology,Gynecologic Oncology,Gynecologic Oncology Physician,Individual,,,,true
207VG0400X,Allopathic & Osteopathic Physicians,Obstetrics & Gynecology,Gynecology,Gynecology Physician,Individual,,,,true
207VH0002X,Allopathic & Osteopathic Physicians,Obstetrics & Gynecology,Hospice and Palliative Medicine,Hospice and Palliative Medicine (Obstetrics & Gynecology) Physician,Individual,,,,true
207VM0101X,Allopathic & Osteopathic Physicians,Obstetrics & Gynecology,Maternal & Fetal Medicine,Maternal & Fetal Medicine Physician,Individual,,,,true
207VB0002X,Allopathic & Osteopathic Physicians,Obstetrics & Gynecology,Obesity Medicine,Obesity Medicine (Obstetrics & Gynecology) Physician,Individual,,,,true
207VX0000X,Allopathic & Osteopathic Physicians,Obstetrics & Gynecology,Obstetrics,Obstetrics Physician,Individual,,,,true
207VE0102X,Allopathic & Osteopathic Physicians,Obstetrics & Gynecology,Reproductive Endocrinology,Reproductive Endocrinology Physician,Individual,,,,true
207W00000X,Allopathic & Osteopathic Physicians,Ophthalmology,,Ophthalmology Physician,Individual,,,,true
207WX0120X,Allopathic & Osteopathic Physicians,Ophthalmology,Cornea and External Diseases Specialist,Cornea and External Diseases Specialist Physician,Individual,,,,true
207WX0009X,Allopathic & Osteopathic Physicians,Ophthalmology,Glaucoma Specialist,Glaucoma Specialist (Ophthalmology) Physician,Individual,,,,true
207WX0109X,Allopathic & Osteopathic Physicians,Ophthalmology,Neuro-ophthalmology,Neuro-ophthalmology Physician,Individual,,,,true
207WX0200X,Allopathic & Osteopathic Physicians,Ophthalmology,Ophthalmic Plastic and Reconstructive Surgery,Ophthalmic Plastic and Reconstructive Surgery Physician,Individual,,,,true
207WX0110X,Allopathic & Osteopathic Physicians,Ophthalmology,Pediatric Ophthalmology and Strabismus Specialist,Pediatric Ophthalmology and Strabismus Specialist Physician,Individual,,,,true
207WX0107X,Allopathic & Osteopathic Physicians,Ophthalmology,Retina Specialist,Retina Specialist (Ophthalmology) Physician,Individual,,,,true
207WX0108X,Allopathic & Osteopathic Physicians,Ophthalmology,Uveitis and Ocular Inflammatory Disease,Uveitis and Ocular Inflammatory Disease (Ophthalmology) Physician,Individual,,,,true
204E00000X,Allopathic & Osteopathic Physicians,Oral & Maxillofacial Surgery,,Oral & Maxillofacial Surgery (D.M.D.),Individual,,,,true
207X00000X,Allopathic & Osteopathic Physicians,Orthopaedic Surgery,,Orthopaedic Surgery Physician,Individual,,,,true
207XS0114X,Allopathic & Osteopathic Physicians,Orthopaedic Surgery,Adult Reconstructive Orthopaedic Surgery,Adult Reconstructive Orthopaedic Surgery Physician,Individual,,,,true
207XX0004X,Allopathic & Osteopathic Physicians,Orthopaedic Surgery,Foot and Ankle Surgery,Orthopaedic Foot and Ankle Surgery Physician,Individual,,,,true
207XS0106X,Allopathic & Osteopathic Physicians,Orthopaedic Surgery,Hand Surgery,Orthopaedic Hand Surgery Physician,Individual,,,,true
207XS0117X,Allopathic & Osteopathic Physicians,Orthopaedic Surgery,Orthopaedic Surgery of the Spine,Orthopaedic Surgery of the Spine Physician,Individual,,,,true
207XX0801X,Allopathic & Osteopathic Physicians,Orthopaedic Surgery,Orthopaedic Trauma,Orthopaedic Trauma Physician,Individual,,,,true
207XP3100X,Allopathic & Osteopathic Physicians,Orthopaedic Surgery,Pediatric Orthopaedic Surgery,Pediatric Orthopaedic Surgery Physician,Individual,,,,true
207XX0005X,Allopathic & Osteopathic Physicians,Orthopaedic Surgery,Sports Medicine,Sports Medicine (Orthopaedic Surgery) Physician,Individual,,,,true
207Y00000X,Allopathic & Osteopathic Physicians,Otolaryngology,,Otolaryngology Physician,Individual,,,,true
207YS0123X,Allopathic & Osteopathic Physicians,Otolaryngology,Facial Plastic Surgery,Facial Plastic Surgery Physician,Individual,,,,true
207YX0602X,Allopathic & Osteopathic Physicians,Otolaryngology,Otolaryngic Allergy,Otolaryngic Allergy Physician,Individual,,,,true
207YX0905X,Allopathic & Osteopathic Physicians,Otolaryngology,Otolaryngology/Facial Plastic Surgery,Otolaryngology/Facial Plastic Surgery Physician,Individual,,,,true
207YX0901X,Allopathic & Osteopathic Physicians,Otolaryngology,Otology & Neurotology,Otology & Neurotology Physician,Individual,,,,true
207YP0228X,Allopathic & Osteopathic Physicians,Otolaryngology,Pediatric Otolaryngology,Pediatric Otolaryngology Physician,Individual,,,,true
207YX0007X,Allopathic & Osteopathic Physicians,Otolaryngology,Plastic Surgery within the Head & Neck,Plastic Surgery within the Head & Neck (Otolaryngology) Physician,Individual,,,,true
207YS0012X,Allopathic & Osteopathic Physicians,Otolaryngology,Sleep Medicine,Sleep Medicine (Otolaryngology) Physician,Individual,,,,true
208VP0014X,Allopathic & Osteopathic Physicians,Pain Medicine,Interventional Pain Medicine,Interventional Pain Medicine Physician,Individual,,,,true
208VP0000X,Allopathic & Osteopathic Physicians,Pain Medicine,Pain Medicine,Pain Medicine Physician,Individual,,,,true
207ZP0101X,Allopathic & Osteopathic Physicians,Pathology,Anatomic Pathology,Anatomic Pathology Physician,Individual,,,,true
207ZP0102X,Allopathic & Osteopathic Physicians,Pathology,Anatomic Pathology & Clinical Pathology,Anatomic Pathology & Clinical Pathology Physician,Individual,,,,true
207ZB0001X,Allopathic & Osteopathic Physicians,Pathology,Blood Banking & Transfusion Medicine,Blood Banking & Transfusion Medicine Physician,Individual,,,,true
207ZP0104X,Allopathic & Osteopathic Physicians,Pathology,Chemical Pathology,Chemical Pathology Physician,Individual,,,,true
207ZC0008X,Allopathic & Osteopathic Physicians,Pathology,Clinical Informatics,Clinical Informatics (Pathology) Physician,Individual,,,,true
207ZC0006X,Allopathic & Osteopathic Physicians,Pathology,Clinical Pathology,Clinical Pathology Physician,Individual,,,,true
207ZP0105X,Allopathic & Osteopathic Physicians,Pathology,Clinical Pathology/Laboratory Medicine,Clinical Pathology/Laboratory Medicine Physician,Individual,,,,true
207ZC0500X,Allopathic & Osteopathic Physicians,Pathology,Cytopathology,Cytopathology Physician,Individual,,,,true
207ZD0900X,Allopathic & Osteopathic Physicians,Pathology,Dermatopathology,Dermatopathology (Pathology) Physician,Individual,,,,true
207ZF0201X,Allopathic & Osteopathic Physicians,Pathology,Forensic Pathology,Forensic Pathology Physician,Individual,,,,true
207ZH0000X,Allopathic & Osteopathic Physicians,Pathology,Hematology,Hematology (Pathology) Physician,Individual,,,,true
207ZI0100X,Allopathic & Osteopathic Physicians,Pathology,Immunopathology,Immunopathology Physician,Individual,,,,true
207ZM0300X,Allopathic & Osteopathic Physicians,Pathology,Medical Microbiology,Medical Microbiology Physician,Individual,,,,true
207ZP0007X,Allopathic & Osteopathic Physicians,Pathology,Molecular Genetic Pathology,Molecular Genetic Pathology (Pathology) Physician,Individual,,,,true
207ZN0500X,Allopathic & Osteopathic Physicians,Pathology,Neuropathology,Neuropathology Physician,Individual,,,,true
207ZP0213X,Allopathic & Osteopathic Physicians,Pathology,Pediatric Pathology,Pediatric Pathology Physician,Individual,,,,true
208000000X,Allopathic & Osteopathic Physicians,Pediatrics,,Pediatrics Physician,Individual,,,,true
2080A0000X,Allopathic & Osteopathic Physicians,Pediatrics,Adolescent Medicine,Pediatric Adolescent Medicine Physician,Individual,,,,true
2080C0008X,Allopathic & Osteopathic Physicians,Pediatrics,Child Abuse Pediatrics,Child Abuse Pediatrics Physician,Individual,,,,true
2080I0007X,Allopathic & Osteopathic Physicians,Pediatrics,Clinical & Laboratory Immunology,Pediatric Clinical & Laboratory Immunology Physician,Individual,,,,true
2080P0006X,Allopathic & Osteopathic Physicians,Pediatrics,Developmental - Behavioral Pediatrics,Developmental - Behavioral Pediatrics Physician,Individual,,,,true
2080H0002X,Allopathic & Osteopathic Physicians,Pediatrics,Hospice and Palliative Medicine,Pediatric Hospice and Palliative Medicine Physician,Individual,,,,true
2080T0002X,Allopathic & Osteopathic Physicians,Pediatrics,Medical Toxicology,Pediatric Medical Toxicology Physician,Individual,,,,true
2080N0001X,Allopathic & Osteopathic Physicians,Pediatrics,Neonatal-Perinatal Medicine,Neonatal-Perinatal Medicine Physician,Individual,,,,true
2080P0008X,Allopathic & Osteopathic Physicians,Pediatrics,Neurodevelopmental Disabilities,Pediatric Neurodevelopmental Disabilities Physician,Individual,,,,true
2080B0002X,Allopathic & Osteopathic Physicians,Pediatrics,Obesity Medicine,Pediatric Obesity Medicine Physician,Individual,,,,true
2080P0201X,Allopathic & Osteopathic Physicians,Pediatrics,Pediatric Allergy/Immunology,Pediatric Allergy/Immunology Physician,Individual,,,,true
2080P0202X,Allopathic & Osteopathic Physicians,Pediatrics,Pediatric Cardiology,Pediatric Cardiology Physician,Individual,,,,true
2080P0203X,Allopathic & Osteopathic Physicians,Pediatrics,Pediatric Critical Care Medicine,Pediatric Critical Care Medicine Physician,Individual,,,,true
2080P0204X,Allopathic & Osteopathic Physicians,Pediatrics,Pediatric Emergency Medicine,Pediatric Emergency Medicine (Pediatrics) Physician,Individual,,,,true
2080P0205X,Allopathic & Osteopathic Physicians,Pediatrics,Pediatric Endocrinology,Pediatric Endocrinology Physician,Individual,,,,true
2080P0206X,Allopathic & Osteopathic Physicians,Pediatrics,Pediatric Gastroenterology,Pediatric Gastroenterology Physician,Individual,,,,true
2080P0207X,Allopathic & Osteopathic Physicians,Pediatrics,Pediatric Hematology-Oncology,Pediatric Hematology & Oncology Physician,Individual,,,,true
2080P0208X,Allopathic & Osteopathic Physicians,Pediatrics,Pediatric Infectious Diseases,Pediatric Infectious Diseases Physician,Individual,,,,true
2080P0210X,Allopathic & Osteopathic Physicians,Pediatrics,Pediatric Nephrology,Pediatric Nephrology Physician,Individual,,,,true
2080P0214X,Allopathic & Osteopathic Physicians,Pediatrics,Pediatric Pulmonology,Pediatric Pulmonology Physician,Individual,,,,true
2080P0216X,Allopathic & Osteopathic Physicians,Pediatrics,Pediatric Rheumatology,Pediatric Rheumatology Physician,Individual,,,,true
2080T0004X,Allopathic & Osteopathic Physicians,Pediatrics,Pediatric Transplant Hepatology,Pediatric Transplant Hepatology Physician,Individual,,,,true
2080P1004X,Allopathic & Osteopathic Physicians,Pediatrics,Physician Nutrition Specialist,Physician Nutrition Specialist (Pediatrics),Individual,,,,true
2080S0012X,Allopathic & Osteopathic Physicians,Pediatrics,Sleep Medicine,Pediatric Sleep Medicine Physician,Individual,,,,true
2080S0010X,Allopathic & Osteopathic Physicians,Pediatrics,Sports Medicine,Pediatric Sports Medicine Physician,Individual,,,,true
202K00000X,Allopathic & Osteopathic Physicians,Phlebology,,Phlebology Physician,Individual,,,,true
208100000X,Allopathic & Osteopathic Physicians,Physical Medicine & Rehabilitation,,Physical Medicine & Rehabilitation Physician,Individual,,,,true
2081P0301X,Allopathic & Osteopathic Physicians,Physical Medicine & Rehabilitation,Brain Injury Medicine,Brain Injury Medicine (Physical Medicine & Rehabilitation) Physician,Individual,,,,true
2081H0002X,Allopathic & Osteopathic Physicians,Physical Medicine & Rehabilitation,Hospice and Palliative Medicine,Hospice and Palliative Medicine (Physical Medicine & Rehabilitation) Physician,Individual,,,,true
2081N0008X,Allopathic & Osteopathic Physicians,Physical Medicine & Rehabilitation,Neuromuscular Medicine,Neuromuscular Medicine (Physical Medicine & Rehabilitation) Physician,Individual,,,,true
2081P2900X,Allopathic & Osteopathic Physicians,Physical Medicine & Rehabilitation,Pain Medicine,Pain Medicine (Physical Medicine & Rehabilitation) Physician,Individual,,,,true
2081P0010X,Allopathic & Osteopathic Physicians,Physical Medicine & Rehabilitation,Pediatric Rehabilitation Medicine,Pediatric Rehabilitation Medicine Physician,Individual,,,,true
2081P0004X,Allopathic & Osteopathic Physicians,Physical Medicine & Rehabilitation,Spinal Cord Injury Medicine,Spinal Cord Injury Medicine Physician,Individual,,,,true
2081S0010X,Allopathic & Osteopathic Physicians,Physical Medicine & Rehabilitation,Sports Medicine,Sports Medicine (Physical Medicine & Rehabilitation) Physician,Individual,,,,true
208200000X,Allopathic & Osteopathic Physicians,Plastic Surgery,,Plastic Surgery Physician,Individual,,,,true
2082S0099X,Allopathic & Osteopathic Physicians,Plastic Surgery,Plastic Surgery Within the Head and Neck,Plastic Surgery Within the Head and Neck (Plastic Surgery) Physician,Individual,,,,true
2082S0105X,Allopathic & Osteopathic Physicians,Plastic Surgery,Surgery of the Hand,Surgery of the Hand (Plastic Surgery) Physician,Individual,,,,true
2083A0300X,Allopathic & Osteopathic Physicians,Preventive Medicine,Addiction Medicine,Addiction Medicine (Preventive Medicine) Physician,Individual,,,,true
2083A0100X,Allopathic & Osteopathic Physicians,Preventive Medicine,Aerospace Medicine,Aerospace Medicine Physician,Individual,,,,true
2083C0008X,Allopathic & Osteopathic Physicians,Preventive Medicine,Clinical Informatics,Clinical Informatics Physician,Individual,,,,true
2083T0002X,Allopathic & Osteopathic Physicians,Preventive Medicine,Medical Toxicology,Medical Toxicology (Preventive Medicine) Physician,Individual,,,,true
2083B0002X,Allopathic & Osteopathic Physicians,Preventive Medicine,Obesity Medicine,Obesity Medicine (Preventive Medicine) Physician,Individual,,,,true
2083X0100X,Allopathic & Osteopathic Physicians,Preventive Medicine,Occupational Medicine,Occupational Medicine Physician,Individual,,,,true
2083P0500X,Allopathic & Osteopathic Physicians,Preventive Medicine,Preventive Medicine/Occupational Environmental Medicine,Preventive Medicine/Occupational Environmental Medicine Physician,Individual,,,,true
2083P0901X,Allopathic & Osteopathic Physicians,Preventive Medicine,Public Health & General Preventive Medicine,Public Health & General Preventive Medicine Physician,Individual,,,,true
2083S0010X,Allopathic & Osteopathic Physicians,Preventive Medicine,Sports Medicine,Sports Medicine (Preventive Medicine) Physician,Individual,,,,true
2083P0011X,Allopathic & Osteopathic Physicians,Preventive Medicine,Undersea and Hyperbaric Medicine,Undersea and Hyperbaric Medicine (Preventive Medicine) Physician,Individual,,,,true
2084A0401X,Allopathic & Osteopathic Physicians,Psychiatry & Neurology,Addiction Medicine,Addiction Medicine (Psychiatry & Neurology) Physician,Individual,,,,true
2084P0802X,Allopathic & Osteopathic Physicians,Psychiatry & Neurology,Addiction Psychiatry,Addiction Psychiatry Physician,Individual,,,,true
2084B0040X,Allopathic & Osteopathic Physicians,Psychiatry & Neurology,Behavioral Neurology & Neuropsychiatry,Behavioral Neurology & Neuropsychiatry Physician,Individual,,,,true
2084P0301X,Allopathic & Osteopathic Physicians,Psychiatry & Neurology,Brain Injury Medicine,Brain Injury Medicine (Psychiatry & Neurology) Physician,Individual,,,,true
2084P0804X,Allopathic & Osteopathic Physicians,Psychiatry & Neurology,Child & Adolescent Psychiatry,Child & Adolescent Psychiatry Physician,Individual,,,,true
2084N0600X,Allopathic & Osteopathic Physicians,Psychiatry & Neurology,Clinical Neurophysiology,Clinical Neurophysiology Physician,Individual,,,,true
2084D0003X,Allopathic & Osteopathic Physicians,Psychiatry & Neurology,Diagnostic Neuroimaging,Diagnostic Neuroimaging (Psychiatry & Neurology) Physician,Individual,,,,true
2084E0001X,Allopathic & Osteopathic Physicians,Psychiatry & Neurology,Epilepsy,Epilepsy Physician,Individual,,,,true
2084F0202X,Allopathic & Osteopathic Physicians,Psychiatry & Neurology,Forensic Psychiatry,Forensic Psychiatry Physician,Individual,,,,true
2084P0805X,Allopathic & Osteopathic Physicians,Psychiatry & Neurology,Geriatric Psychiatry,Geriatric Psychiatry Physician,Individual,,,,true
2084H0002X,Allopathic & Osteopathic Physicians,Psychiatry & Neurology,Hospice and Palliative Medicine,Hospice and Palliative Medicine (Psychiatry & Neurology) Physician,Individual,,,,true
2084A2900X,Allopathic & Osteopathic Physicians,Psychiatry & Neurology,Neurocritical Care,Neurocritical Care Physician,Individual,,,,true
2084P0005X,Allopathic & Osteopathic Physicians,Psychiatry & Neurology,Neurodevelopmental Disabilities,Neurodevelopmental Disabilities Physician,Individual,,,,true
2084N0400X,Allopathic & Osteopathic Physicians,Psychiatry & Neurology,Neurology,Neurology Physician,Individual,,,,true
2084N0402X,Allopathic & Osteopathic Physicians,Psychiatry & Neurology,Neurology with Special Qualifications in Child Neurology,Neurology with Special Qualifications in Child Neurology Physician,Individual,,,,true
2084N0008X,Allopathic & Osteopathic Physicians,Psychiatry & Neurology,Neuromuscular Medicine,Neuromuscular Medicine (Psychiatry & Neurology) Physician,Individual,,,,true
2084B0002X,Allopathic & Osteopathic Physicians,Psychiatry & Neurology,Obesity Medicine,Obesity Medicine (Psychiatry & Neurology) Physician,Individual,,,,true
2084P2900X,Allopathic & Osteopathic Physicians,Psychiatry & Neurology,Pain Medicine,Pain Medicine (Psychiatry & Neurology) Physician,Individual,,,,true
2084P0800X,Allopathic & Osteopathic Physicians,Psychiatry & Neurology,Psychiatry,Psychiatry Physician,Individual,,,,true
2084P0015X,Allopathic & Osteopathic Physicians,Psychiatry & Neurology,Psychosomatic Medicine,Psychosomatic Medicine Physician,Individual,,,,true
2084S0012X,Allopathic & Osteopathic Physicians,Psychiatry & Neurology,Sleep Medicine,Sleep Medicine (Psychiatry & Neurology) Physician,Individual,,,,true
2084S0010X,Allopathic & Osteopathic Physicians,Psychiatry & Neurology,Sports Medicine,Sports Medicine (Psychiatry & Neurology) Physician,Individual,,,,true
2084V0102X,Allopathic & Osteopathic Physicians,Psychiatry & Neurology,Vascular Neurology,Vascular Neurology Physician,Individual,,,,true
2085B0100X,Allopathic & Osteopathic Physicians,Radiology,Body Imaging,Body Imaging Physician,Individual,,,,true
2085D0003X,Allopathic & Osteopathic Physicians,Radiology,Diagnostic Neuroimaging,Diagnostic Neuroimaging (Radiology) Physician,Individual,,,,true
2085R0202X,Allopathic & Osteopathic Physicians,Radiology,Diagnostic Radiology,Diagnostic Radiology Physician,Individual,,,,true
2085U0001X,Allopathic & Osteopathic Physicians,Radiology,Diagnostic Ultrasound,Diagnostic Ultrasound Physician,Individual,,,,true
2085H0002X,Allopathic & Osteopathic Physicians,Radiology,Hospice and Palliative Medicine,Hospice and Palliative Medicine (Radiology) Physician,Individual,,,,true
2085N0700X,Allopathic & Osteopathic Physicians,Radiology,Neuroradiology,Neuroradiology Physician,Individual,,,,true
2085N0904X,Allopathic & Osteopathic Physicians,Radiology,Nuclear Radiology,Nuclear Radiology Physician,Individual,,,,true
2085P0229X,Allopathic & Osteopathic Physicians,Radiology,Pediatric Radiology,Pediatric Radiology Physician,Individual,,,,true
2085R0001X,Allopathic & Osteopathic Physicians,Radiology,Radiation Oncology,Radiation Oncology Physician,Individual,,,,true
2085R0205X,Allopathic & Osteopathic Physicians,Radiology,Radiological Physics,Radiological Physics Physician,Individual,,,,true
2085R0203X,Allopathic & Osteopathic Physicians,Radiology,Therapeutic Radiology,Therapeutic Radiology Physician,Individual,,,,true
2085R0204X,Allopathic & Osteopathic Physicians,Radiology,Vascular & Interventional Radiology,Vascular & Interventional Radiology Physician,Individual,,,,true
208600000X,Allopathic & Osteopathic Physicians,Surgery,,Surgery Physician,Individual,,,,true
2086H0002X,Allopathic & Osteopathic Physicians,Surgery,Hospice and Palliative Medicine,Hospice and Palliative Medicine (Surgery) Physician,Individual,,,,true
2086S0120X,Allopathic & Osteopathic Physicians,Surgery,Pediatric Surgery,Pediatric Surgery Physician,Individual,,,,true
2086P0122X,Allopathic & Osteopathic Physicians,Surgery,Physician Nutrition Specialist,Physician Nutrition Specialist (Surgery),Individual,,,,true
2086S0122X,Allopathic & Osteopathic Physicians,Surgery,Plastic and Reconstructive Surgery,Plastic and Reconstructive Surgery Physician,Individual,,,,true
2086S0105X,Allopathic & Osteopathic Physicians,Surgery,Surgery of the Hand,Surgery of the Hand (Surgery) Physician,Individual,,,,true
2086S0102X,Allopathic & Osteopathic Physicians,Surgery,Surgical Critical Care,Surgical Critical Care Physician,Individual,,,,true
2086X0206X,Allopathic & Osteopathic Physicians,Surgery,Surgical Oncology,Surgical Oncology Physician,Individual,,,,true
2086S0127X,Allopathic & Osteopathic Physicians,Surgery,Trauma Surgery,Trauma Surgery Physician,Individual,,,,true
2086S0129X,Allopathic & Osteopathic Physicians,Surgery,Vascular Surgery,Vascular Surgery Physician,Individual,,,,true
208G00000X,Allopathic & Osteopathic Physicians,Thoracic Surgery (Cardiothoracic Vascular Surgery),,Thoracic Surgery (Cardiothoracic Vascular Surgery) Physician,Individual,,,,true
204F00000X,Allopathic & Osteopathic Physicians,Transplant Surgery,,Transplant Surgery Physician,Individual,,,,true
208800000X,Allopathic & Osteopathic Physicians,Urology,,Urology Physician,Individual,,,,true
2088F0040X,Allopathic & Osteopathic Physicians,Urology,Urogynecology and Reconstructive Pelvic Surgery,Urogynecology and Reconstructive Pelvic Surgery (Urology) Physician,Individual,,,,true
2088P0231X,Allopathic & Osteopathic Physicians,Urology,Pediatric Urology,Pediatric Urology Physician,Individual,,,,true
106E00000X,Behavioral Health & Social Service Providers,Assistant Behavior Analyst,,Assistant Behavior Analyst,Individual,,,,true
106S00000X,Behavioral Health & Social Service Providers,Behavior Technician,,Behavior Technician,Individual,,,,true
103K00000X,Behavioral Health & Social Service Providers,Behavior Analyst,,Behavior Analyst,Individual,,,,true
103G00000X,Behavioral Health & Social Service Providers,Clinical Neuropsychologist,,Clinical Neuropsychologist,Individual,,,,true
103GC0700X,Behavioral Health & Social Service Providers,Clinical Neuropsychologist,Clinical,Clinical Neuropsychologist,Individual,,,,true
101Y00000X,Behavioral Health & Social Service Providers,Counselor,,Counselor,Individual,,,,true
101YA0400X,Behavioral Health & Social Service Providers,Counselor,Addiction (Substance Use Disorder),Addiction (Substance Use Disorder) Counselor,Individual,,,,true
101YM0800X,Behavioral Health & Social Service Providers,Counselor,Mental Health,Mental Health Counselor,Individual,,,,true
101YP1600X,Behavioral Health & Social Service Providers,Counselor,Pastoral,Pastoral Counselor,Individual,,,,true
101YP2500X,Behavioral Health & Social Service Providers,Counselor,Professional,Professional Counselor,Individual,,,,true
101YS0200X,Behavioral Health & Social Service Providers,Counselor,School,School Counselor,Individual,,,,true
101200000X,Behavioral Health & Social Service Providers,Drama Therapist,,Drama Therapist,Individual,,,,true
106H00000X,Behavioral Health & Social Service Providers,Marriage & Family Therapist,,Marriage & Family Therapist,Individual,,,,true
102X00000X,Behavioral Health & Social Service Providers,Poetry Therapist,,Poetry Therapist,Individual,,,,true
102L00000X,Behavioral Health & Social Service Providers,Psychoanalyst,,Psychoanalyst,Individual,,,,true
103T00000X,Behavioral Health & Social Service Providers,Psychologist,,Psychologist,Individual,,,,true
103TA0400X,Behavioral Health & Social Service Providers,Psychologist,Addiction (Substance Use Disorder),Addiction (Substance Use Disorder) Psychologist,Individual,,,,true
103TA0700X,Behavioral Health & Social Service Providers,Psychologist,Adult Development & Aging,Adult Development & Aging Psychologist,Individual,,,,true
103TC0700X,Behavioral Health & Social Service Providers,Psychologist,Clinical,Clinical Psychologist,Individual,,,,true
103TC2200X,Behavioral Health & Social Service Providers,Psychologist,Clinical Child & Adolescent,Clinical Child & Adolescent Psychologist,Individual,,,,true
103TB0200X,Behavioral Health & Social Service Providers,Psychologist,Cognitive & Behavioral,Cognitive & Behavioral Psychologist,Individual,,,,true
103TC1900X,Behavioral Health & Social Service Providers,Psychologist,Counseling,Counseling Psychologist,Individual,,,,true
103TE1000X,Behavioral Health & Social Service Providers,Psychologist,Educational,Psychologist,Individual,,,,true
103TE1100X,Behavioral Health & Social Service Providers,Psychologist,Exercise & Sports,Exercise & Sports Psychologist,Individual,,,,true
103TF0000X,Behavioral Health & Social Service Providers,Psychologist,Family,Family Psychologist,Individual,,,,true
103TF0200X,Behavioral Health & Social Service Providers,Psychologist,Forensic,Forensic Psychologist,Individual,,,,true
103TP2701X,Behavioral Health & Social Service Providers,Psychologist,Group Psychotherapy,Group Psychotherapy Psychologist,Individual,,,,true
103TH0004X,Behavioral Health & Social Service Providers,Psychologist,Health,Health Psychologist,Individual,,,,true
103TH0100X,Behavioral Health & Social Service Providers,Psychologist,Health Service,Health Service Psychologist,Individual,,,,true
103TM1700X,Behavioral Health & Social Service Providers,Psychologist,Men & Masculinity,Psychologist Men & Masculinity,Individual,,,,true
103TM1800X,Behavioral Health & Social Service Providers,Psychologist,Intellectual & Developmental Disabilities,Intellectual & Developmental Disabilities Psychologist,Individual,,,,true
103TP0016X,Behavioral Health & Social Service Providers,Psychologist,Prescribing (Medical),Prescribing (Medical) Psychologist,Individual,,,,true
103TP0814X,Behavioral Health & Social Service Providers,Psychologist,Psychoanalysis,Psychoanalysis Psychologist,Individual,,,,true
103TP2700X,Behavioral Health & Social Service Providers,Psychologist,Psychotherapy,Psychologist Psychotherapy,Individual,,,,true
103TR0400X,Behavioral Health & Social Service Providers,Psychologist,Rehabilitation,Rehabilitation Psychologist,Individual,,,,true
103TS0200X,Behavioral Health & Social Service Providers,Psychologist,School,School Psychologist,Individual,,,,true
103TW0100X,Behavioral Health & Social Service Providers,Psychologist,Women,Psychotherapy Women,Individual,,,,true
104100000X,Behavioral Health & Social Service Providers,Social Worker,,Social Worker,Individual,,,,true
1041C0700X,Behavioral Health & Social Service Providers,Social Worker,Clinical,Clinical Social Worker,Individual,,,,true
1041S0200X,Behavioral Health & Social Service Providers,Social Worker,School,School Social Worker,Individual,,,,true
111N00000X,Chiropractic Providers,Chiropractor,,Chiropractor,Individual,,,,true
111NI0013X,Chiropractic Providers,Chiropractor,Independent Medical Examiner,Independent Medical Examiner Chiropractor,Individual,,,,true
111NI0900X,Chiropractic Providers,Chiropractor,Internist,Internist Chiropractor,Individual,,,,true
111NN0400X,Chiropractic Providers,Chiropractor,Neurology,Neurology Chiropractor,Individual,,,,true
111NN1001X,Chiropractic Providers,Chiropractor,Nutrition,Nutrition Chiropractor,Individual,,,,true
111NX0100X,Chiropractic Providers,Chiropractor,Occupational Health,Occupational Health Chiropractor,Individual,,,,true
111NX0800X,Chiropractic Providers,Chiropractor,Orthopedic,Orthopedic Chiropractor,Individual,,,,true
111NP0017X,Chiropractic Providers,Chiropractor,Pediatric Chiropractor,Pediatric Chiropractor,Individual,,,,true
111NR0200X,Chiropractic Providers,Chiropractor,Radiology,Radiology Chiropractor,Individual,,,,true
111NR0400X,Chiropractic Providers,Chiropractor,Rehabilitation,Rehabilitation Chiropractor,Individual,,,,true
111NS0005X,Chiropractic Providers,Chiropractor,Sports Physician,Sports Physician Chiropractor,Individual,,,,true
111NT0100X,Chiropractic Providers,Chiropractor,Thermography,Thermography Chiropractor,Individual,,,,true
125K00000X,Dental Providers,Advanced Practice Dental Therapist,,Advanced Practice Dental Therapist,Individual,,,,true
126800000X,Dental Providers,Dental Assistant,,Dental Assistant,Individual,,,,true
124Q00000X,Dental Providers,Dental Hygienist,,Dental Hygienist,Individual,,,,true
126900000X,Dental Providers,Dental Laboratory Technician,,Dental Laboratory Technician,Individual,,,,true
125J00000X,Dental Providers,Dental Therapist,,Dental Therapist,Individual,,,,true
122300000X,Dental Providers,Dentist,,Dentist,Individual,,,,true
1223D0004X,Dental Providers,Dentist,Dental Anesthesiology,Dental Anesthesiology,Individual,,,,true
1223D0001X,Dental Providers,Dentist,Dental Public Health,Public Health Dentistry,Individual,,,,true
1223E0200X,Dental Providers,Dentist,Endodontics,Endodontics,Individual,,,,true
1223G0001X,Dental Providers,Dentist,General Practice,General Practice Dentistry,Individual,,,,true
1223P0106X,Dental Providers,Dentist,Oral and Maxillofacial Pathology,Oral and Maxillofacial Pathology Dentistry,Individual,,,,true
1223X0008X,Dental Providers,Dentist,Oral and Maxillofacial Radiology,Oral and Maxillofacial Radiology Dentistry,Individual,,,,true
1223S0112X,Dental Providers,Dentist,Oral and Maxillofacial Surgery,Oral and Maxillofacial Surgery (Dentist),Individual,,,,true
125Q00000X,Dental Providers,Dentist,Oral Medicine,Oral Medicine Dentistry,Individual,,,,true
1223X2210X,Dental Providers,Dentist,Orofacial Pain,Orofacial Pain Dentistry,Individual,,,,true
1223X0400X,Dental Providers,Dentist,Orthodontics and Dentofacial Orthopedics,Orthodontics and Dentofacial Orthopedics Dentistry,Individual,,,,true
1223P0221X,Dental Providers,Dentist,Pediatric Dentistry,Pediatric Dentistry,Individual,,,,true
1223P0300X,Dental Providers,Dentist,Periodontics,Periodontics,Individual,,,,true
1223P0700X,Dental Providers,Dentist,Prosthodontics,Prosthodontics,Individual,,,,true
122400000X,Dental Providers,Denturist,,Denturist,Individual,,,,true
132700000X,Dietary & Nutritional Service Providers,Dietary Manager,,Dietary Manager,Individual,,,,true
136A00000X,Dietary & Nutritional Service Providers,"Dietetic Technician, Registered",,Registered Dietetic Technician,Individual,,,,true
133V00000X,Dietary & Nutritional Service Providers,"Dietitian, Registered",,Registered Dietitian,Individual,,,,true
133VN1101X,Dietary & Nutritional Service Providers,"Dietitian, Registered","Nutrition, Gerontological",Gerontological Nutrition Registered Dietitian,Individual,,,,true
133VN1006X,Dietary & Nutritional Service Providers,"Dietitian, Registered","Nutrition, Metabolic",Metabolic Nutrition Registered Dietitian,Individual,,,,true
133VN1201X,Dietary & Nutritional Service Providers,"Dietitian, Registered","Nutrition, Obesity and Weight Management",Obesity and Weight Management Nutrition Registered Dietitian,Individual,,,,true
133VN1301X,Dietary & Nutritional Service Providers,"Dietitian, Registered","Nutrition, Oncology",Oncology Nutrition Registered Dietitian,Individual,,,,true
133VN1004X,Dietary & Nutritional Service Providers,"Dietitian, Registered","Nutrition, Pediatric",Pediatric Nutrition Registered Dietitian,Individual,,,,true
133VN1401X,Dietary & Nutritional Service Providers,"Dietitian, Registered","Nutrition, Pediatric Critical Care",Pediatric Critical Care Nutrition Registered Dietitian,Individual,,,,true
133VN1005X,Dietary & Nutritional Service Providers,"Dietitian, Registered","Nutrition, Renal",Renal Nutrition Registered Dietitian,Individual,,,,true
133VN1501X,Dietary & Nutritional Service Providers,"Dietitian, Registered","Nutrition, Sports Dietetics",Sports Dietetics Nutrition Registered Dietitian,Individual,,,,true
133N00000X,Dietary & Nutritional Service Providers,Nutritionist,,Nutritionist,Individual,,,,true
133NN1002X,Dietary & Nutritional Service Providers,Nutritionist,"Nutrition, Education",Nutrition Education Nutritionist,Individual,,,,true
146E00000X,Emergency Medical Service Providers,Community Paramedic,,Community Paramedic,Individual,,,,true
146N00000X,Emergency Medical Service Providers,"Emergency Medical Technician, Basic",,Basic Emergency Medical Technician,Individual,,,,true
146M00000X,Emergency Medical Service Providers,"Emergency Medical Technician, Intermediate",,Intermediate Emergency Medical Technician,Individual,,,,true
146L00000X,Emergency Medical Service Providers,"Emergency Medical Technician, Paramedic",,Paramedic,Individual,,,,true
146D00000X,Emergency Medical Service Providers,Personal Emergency Response Attendant,,Personal Emergency Response Attendant,Individual,,,,true
152W00000X,Eye and Vision Services Providers,Optometrist,,Optometrist,Individual,,,,true
152WC0802X,Eye and Vision Services Providers,Optometrist,Corneal and Contact Management,Corneal and Contact Management Optometrist,Individual,,,,true
152WL0500X,Eye and Vision Services Providers,Optometrist,Low Vision Rehabilitation,Low Vision Rehabilitation Optometrist,Individual,,,,true
152WX0102X,Eye and Vision Services Providers,Optometrist,Occupational Vision,Occupational Vision Optometrist,Individual,,,,true
152WP0200X,Eye and Vision Services Providers,Optometrist,Pediatrics,Pediatric Optometrist,Individual,,,,true
152WS0006X,Eye and Vision Services Providers,Optometrist,Sports Vision,Sports Vision Optometrist,Individual,,,,true
152WV0400X,Eye and Vision Services Providers,Optometrist,Vision Therapy,Vision Therapy Optometrist,Individual,,,,true
156F00000X,Eye and Vision Services Providers,Technician/Technologist,,Technician/Technologist,Individual,,,,true
156FC0800X,Eye and Vision Services Providers,Technician/Technologist,Contact Lens,Contact Lens Technician/Technologist,Individual,,,,true
156FC0801X,Eye and Vision Services Providers,Technician/Technologist,Contact Lens Fitter,Contact Lens Fitter,Individual,,,,true
156FX1700X,Eye and Vision Services Providers,Technician/Technologist,Ocularist,Ocularist,Individual,,,,true
156FX1100X,Eye and Vision Services Providers,Technician/Technologist,Ophthalmic,Ophthalmic Technician/Technologist,Individual,,,,true
156FX1101X,Eye and Vision Services Providers,Technician/Technologist,Ophthalmic Assistant,Ophthalmic Assistant,Individual,,,,true
156FX1800X,Eye and Vision Services Providers,Technician/Technologist,Optician,Optician,Individual,,,,true
156FX1201X,Eye and Vision Services Providers,Technician/Technologist,Optometric Assistant,Optometric Assistant Technician,Individual,,,,true
156FX1202X,Eye and Vision Services Providers,Technician/Technologist,Optometric Technician,Optometric Technician,Individual,,,,true
156FX1900X,Eye and Vision Services Providers,Technician/Technologist,Orthoptist,Orthoptist,Individual,,,,true
164W00000X,Nursing Service Providers,Licensed Practical Nurse,,Licensed Practical Nurse,Individual,,,,true
167G00000X,Nursing Service Providers,Licensed Psychiatric Technician,,Licensed Psychiatric Technician,Individual,,,,true
164X00000X,Nursing Service Providers,Licensed Vocational Nurse,,Licensed Vocational Nurse,Individual,,,,true
163W00000X,Nursing Service Providers,Registered Nurse,,Registered Nurse,Individual,,,,true
163WA0400X,Nursing Service Providers,Registered Nurse,Addiction (Substance Use Disorder),Addiction (Substance Use Disorder) Registered Nurse,Individual,,,,true
163WA2000X,Nursing Service Providers,Registered Nurse,Administrator,Administrator Registered Nurse,Individual,,,,true
163WP2201X,Nursing Service Providers,Registered Nurse,Ambulatory Care,Ambulatory Care Registered Nurse,Individual,,,,true
163WC3500X,Nursing Service Providers,Registered Nurse,Cardiac Rehabilitation,Cardiac Rehabilitation Registered Nurse,Individual,,,,true
163WC0400X,Nursing Service Providers,Registered Nurse,Case Management,Case Management Registered Nurse,Individual,,,,true
163WC1400X,Nursing Service Providers,Registered Nurse,College Health,College Health Registered Nurse,Individual,,,,true
163WC1500X,Nursing Service Providers,Registered Nurse,Community Health,Community Health Registered Nurse,Individual,,,,true
163WC2100X,Nursing Service Providers,Registered Nurse,Continence Care,Continence Care Registered Nurse,Individual,,,,true
163WC1600X,Nursing Service Providers,Registered Nurse,Continuing Education/Staff Development,Continuing Education/Staff Development Registered Nurse,Individual,,,,true
163WC0200X,Nursing Service Providers,Registered Nurse,Critical Care Medicine,Critical Care Medicine Registered Nurse,Individual,,,,true
163WD0400X,Nursing Service Providers,Registered Nurse,Diabetes Educator,Diabetes Educator Registered Nurse,Individual,,,,true
163WD1100X,Nursing Service Providers,Registered Nurse,"Dialysis, Peritoneal",Peritoneal Dialysis Registered Nurse,Individual,,,,true
163WE0003X,Nursing Service Providers,Registered Nurse,Emergency,Emergency Registered Nurse,Individual,,,,true
163WE0900X,Nursing Service Providers,Registered Nurse,Enterostomal Therapy,Enterostomal Therapy Registered Nurse,Individual,,,,true
163WF0300X,Nursing Service Providers,Registered Nurse,Flight,Flight Registered Nurse,Individual,,,,true
163WG0100X,Nursing Service Providers,Registered Nurse,Gastroenterology,Gastroenterology Registered Nurse,Individual,,,,true
163WG0000X,Nursing Service Providers,Registered Nurse,General Practice,General Practice Registered Nurse,Individual,,,,true
163WG0600X,Nursing Service Providers,Registered Nurse,Gerontology,Gerontology Registered Nurse,Individual,,,,true
163WH0500X,Nursing Service Providers,Registered Nurse,Hemodialysis,Hemodialysis Registered Nurse,Individual,,,,true
163WH0200X,Nursing Service Providers,Registered Nurse,Home Health,Home Health Registered Nurse,Individual,,,,true
163WH1000X,Nursing Service Providers,Registered Nurse,Hospice,Hospice Registered Nurse,Individual,,,,true
163WI0600X,Nursing Service Providers,Registered Nurse,Infection Control,Infection Control Registered Nurse,Individual,,,,true
163WI0500X,Nursing Service Providers,Registered Nurse,Infusion Therapy,Infusion Therapy Registered Nurse,Individual,,,,true
163WL0100X,Nursing Service Providers,Registered Nurse,Lactation Consultant,Lactation Consultant (Registered Nurse),Individual,,,,true
163WM0102X,Nursing Service Providers,Registered Nurse,Maternal Newborn,Maternal Newborn Registered Nurse,Individual,,,,true
163WM0705X,Nursing Service Providers,Registered Nurse,Medical-Surgical,Medical-Surgical Registered Nurse,Individual,,,,true
163WN0002X,Nursing Service Providers,Registered Nurse,Neonatal Intensive Care,Neonatal Intensive Care Registered Nurse,Individual,,,,true
163WN0003X,Nursing Service Providers,Registered Nurse,"Neonatal, Low-Risk",Low-Risk Neonatal Registered Nurse,Individual,,,,true
163WN0300X,Nursing Service Providers,Registered Nurse,Nephrology,Nephrology Registered Nurse,Individual,,,,true
163WN0800X,Nursing Service Providers,Registered Nurse,Neuroscience,Neuroscience Registered Nurse,Individual,,,,true
163WM1400X,Nursing Service Providers,Registered Nurse,Nurse Massage Therapist (NMT),Nurse Massage Therapist (NMT),Individual,,,,true
163WN1003X,Nursing Service Providers,Registered Nurse,Nutrition Support,Nutrition Support Registered Nurse,Individual,,,,true
163WX0002X,Nursing Service Providers,Registered Nurse,"Obstetric, High-Risk",High-Risk Obstetric Registered Nurse,Individual,,,,true
163WX0003X,Nursing Service Providers,Registered Nurse,"Obstetric, Inpatient",Inpatient Obstetric Registered Nurse,Individual,,,,true
163WX0106X,Nursing Service Providers,Registered Nurse,Occupational Health,Occupational Health Registered Nurse,Individual,,,,true
163WX0200X,Nursing Service Providers,Registered Nurse,Oncology,Oncology Registered Nurse,Individual,,,,true
163WX1100X,Nursing Service Providers,Registered Nurse,Ophthalmic,Ophthalmic Registered Nurse,Individual,,,,true
163WX0800X,Nursing Service Providers,Registered Nurse,Orthopedic,Orthopedic Registered Nurse,Individual,,,,true
163WX1500X,Nursing Service Providers,Registered Nurse,Ostomy Care,Ostomy Care Registered Nurse,Individual,,,,true
163WX0601X,Nursing Service Providers,Registered Nurse,Otorhinolaryngology & Head-Neck,Otorhinolaryngology & Head-Neck Registered Nurse,Individual,,,,true
163WP0000X,Nursing Service Providers,Registered Nurse,Pain Management,Pain Management Registered Nurse,Individual,,,,true
163WP0218X,Nursing Service Providers,Registered Nurse,Pediatric Oncology,Pediatric Oncology Registered Nurse,Individual,,,,true
163WP0200X,Nursing Service Providers,Registered Nurse,Pediatrics,Pediatric Registered Nurse,Individual,,,,true
163WP1700X,Nursing Service Providers,Registered Nurse,Perinatal,Perinatal Registered Nurse,Individual,,,,true
163WS0121X,Nursing Service Providers,Registered Nurse,Plastic Surgery,Plastic Surgery Registered Nurse,Individual,,,,true
163WP0808X,Nursing Service Providers,Registered Nurse,Psychiatric/Mental Health,Psychiatric/Mental Health Registered Nurse,Individual,,,,true
163WP0809X,Nursing Service Providers,Registered Nurse,"Psychiatric/Mental Health, Adult",Adult Psychiatric/Mental Health Registered Nurse,Individual,,,,true
163WP0807X,Nursing Service Providers,Registered Nurse,"Psychiatric/Mental Health, Child & Adolescent",Child & Adolescent Psychiatric/Mental Health Registered Nurse,Individual,,,,true
163WR0006X,Nursing Service Providers,Registered Nurse,Registered Nurse First Assistant,Registered Nurse First Assistant,Individual,,,,true
163WR0400X,Nursing Service Providers,Registered Nurse,Rehabilitation,Rehabilitation Registered Nurse,Individual,,,,true
163WR1000X,Nursing Service Providers,Registered Nurse,Reproductive Endocrinology/Infertility,Reproductive Endocrinology/Infertility Registered Nurse,Individual,,,,true
163WS0200X,Nursing Service Providers,Registered Nurse,School,School Registered Nurse,Individual,,,,true
163WU0100X,Nursing Service Providers,Registered Nurse,Urology,Urology Registered Nurse,Individual,,,,true
163WW0101X,Nursing Service Providers,Registered Nurse,"Women's Health Care, Ambulatory",Ambulatory Women's Health Care Registered Nurse,Individual,,,,true
163WW0000X,Nursing Service Providers,Registered Nurse,Wound Care,Wound Care Registered Nurse,Individual,,,,true
372600000X,Nursing Service Related Providers,Adult Companion,,Adult Companion,Individual,,,,true
372500000X,Nursing Service Related Providers,Chore Provider,,Chore Provider,Individual,,,,true
373H00000X,Nursing Service Related Providers,Day Training/Habilitation Specialist,,Day Training/Habilitation Specialist,Individual,,,,true
374J00000X,Nursing Service Related Providers,Doula,,Doula,Individual,,,,true
374U00000X,Nursing Service Related Providers,Home Health Aide,,Home Health Aide,Individual,,,,true
376J00000X,Nursing Service Related Providers,Homemaker,,Homemaker,Individual,,,,true
376K00000X,Nursing Service Related Providers,Nurse's Aide,,Nurse's Aide,Individual,,,,true
376G00000X,Nursing Service Related Providers,Nursing Home Administrator,,Nursing Home Administrator,Individual,,,,true
374T00000X,Nursing Service Related Providers,Religious Nonmedical Nursing Personnel,,Religious Nonmedical Nursing Personnel,Individual,,,,true
374K00000X,Nursing Service Related Providers,Religious Nonmedical Practitioner,,Religious Nonmedical Practitioner,Individual,,,,true
374700000X,Nursing Service Related Providers,Technician,,Technician,Individual,,,,true
3747A0650X,Nursing Service Related Providers,Technician,Attendant Care Provider,Attendant Care Provider,Individual,,,,true
3747P1801X,Nursing Service Related Providers,Technician,Personal Care Attendant,Personal Care Attendant,Individual,,,,true
171100000X,Other Service Providers,Acupuncturist,,Acupuncturist,Individual,,,,true
171M00000X,Other Service Providers,Case Manager/Care Coordinator,,Case Manager/Care Coordinator,Individual,,,,true
174V00000X,Other Service Providers,Clinical Ethicist,,Clinical Ethicist,Individual,,,,true
172V00000X,Other Service Providers,Community Health Worker,,Community Health Worker,Individual,,,,true
171W00000X,Other Service Providers,Contractor,,Contractor,Individual,,,,true
171WH0202X,Other Service Providers,Contractor,Home Modifications,Home Modifications Contractor,Individual,,,,true
171WV0202X,Other Service Providers,Contractor,Vehicle Modifications,Vehicle Modifications Contractor,Individual,,,,true
172A00000X,Other Service Providers,Driver,,Driver,Individual,,,,true
176P00000X,Other Service Providers,Funeral Director,,Funeral Director,Individual,,,,true
170300000X,Other Service Providers,"Genetic Counselor, MS",,Genetic Counselor (M.S.),Individual,,,,true
171400000X,Other Service Providers,Health & Wellness Coach,,Health & Wellness Coach,Individual,,,,true
174H00000X,Other Service Providers,Health Educator,,Health Educator,Individual,,,,true
175L00000X,Other Service Providers,Homeopath,,Homeopath,Individual,,,,true
171R00000X,Other Service Providers,Interpreter,,Interpreter,Individual,,,,true
174N00000X,Other Service Providers,"Lactation Consultant, Non-RN",,Lactation Consultant (Non-RN),Individual,,,,true
175M00000X,Other Service Providers,"Midwife, Lay",,Lay Midwife,Individual,,,,true
173000000X,Other Service Providers,Legal Medicine,,Legal Medicine,Individual,,,,true
172M00000X,Other Service Providers,Mechanotherapist,,Mechanotherapist,Individual,,,,true
176B00000X,Other Service Providers,Midwife,,Midwife,Individual,,,,true
171000000X,Other Service Providers,Military Health Care Provider,,Military Health Care Provider,Individual,,,,true
1710I1002X,Other Service Providers,Military Health Care Provider,Independent Duty Corpsman,Independent Duty Corpsman,Individual,,,,true
1710I1003X,Other Service Providers,Military Health Care Provider,Independent Duty Medical Technicians,Independent Duty Medical Technicians,Individual,,,,true
172P00000X,Other Service Providers,Naprapath,,Naprapath,Individual,,,,true
175F00000X,Other Service Providers,Naturopath,,Naturopath,Individual,,,,true
175T00000X,Other Service Providers,Peer Specialist,,Peer Specialist,Individual,,,,true
170100000X,Other Service Providers,"Medical Genetics, Ph.D. Medical Genetics",,Ph.D. Medical Genetics,Individual,,,,true
405300000X,Other Service Providers,Prevention Professional,,Prevention Professional,Individual,,,,true
173C00000X,Other Service Providers,Reflexologist,,Reflexologist,Individual,,,,true
173F00000X,Other Service Providers,"Sleep Specialist, PhD",,Sleep Specialist (PhD),Individual,,,,true
174400000X,Other Service Providers,Specialist,,Specialist,Individual,,,,true
1744G0900X,Other Service Providers,Specialist,Graphics Designer,Graphics Designer,Individual,,,,true
1744P3200X,Other Service Providers,Specialist,Prosthetics Case Management,Prosthetics Case Management,Individual,,,,true
1744R1103X,Other Service Providers,Specialist,Research Data Abstracter/Coder,Research Study Abstracter/Coder,Individual,,,,true
1744R1102X,Other Service Providers,Specialist,Research Study,Research Study Specialist,Individual,,,,true
174M00000X,Other Service Providers,Veterinarian,,Veterinarian,Individual,,,,true
174MM1900X,Other Service Providers,Veterinarian,Medical Research,Medical Research Veterinarian,Individual,,,,true
183500000X,Pharmacy Service Providers,Pharmacist,,Pharmacist,Individual,,,,true
1835P2201X,Pharmacy Service Providers,Pharmacist,Ambulatory Care,Ambulatory Care Pharmacist,Individual,,,,true
1835C0206X,Pharmacy Service Providers,Pharmacist,Cardiology,Cardiology Pharmacist,Individual,,,,true
1835C0207X,Pharmacy Service Providers,Pharmacist,Compounded Sterile Preparations,Compounded Sterile Preparations Pharmacist,Individual,,,,true
1835C0205X,Pharmacy Service Providers,Pharmacist,Critical Care,Critical Care Pharmacist,Individual,,,,true
1835E0208X,Pharmacy Service Providers,Pharmacist,Emergency Medicine,Emergency Medicine Pharmacist,Individual,,,,true
1835G0000X,Pharmacy Service Providers,Pharmacist,General Practice,Pharmacist,Individual,,,,true
1835G0303X,Pharmacy Service Providers,Pharmacist,Geriatric,Geriatric Pharmacist,Individual,,,,true
1835I0206X,Pharmacy Service Providers,Pharmacist,Infectious Diseases,Infectious Diseases Pharmacist,Individual,,,,true
1835N0905X,Pharmacy Service Providers,Pharmacist,Nuclear,Nuclear Pharmacist,Individual,,,,true
1835N1003X,Pharmacy Service Providers,Pharmacist,Nutrition Support,Nutrition Support Pharmacist,Individual,,,,true
1835X0200X,Pharmacy Service Providers,Pharmacist,Oncology,Oncology Pharmacist,Individual,,,,true
1835P1400X,Pharmacy Service Providers,Pharmacist,Pain Management,Pain Management Pharmacist,Individual,,,,true
1835P0200X,Pharmacy Service Providers,Pharmacist,Pediatrics,Pediatric Pharmacist,Individual,,,,true
1835P0018X,Pharmacy Service Providers,Pharmacist,Pharmacist Clinician (PhC)/ Clinical Pharmacy Specialist,Pharmacist Clinician (PhC)/ Clinical Pharmacy Specialist,Individual,,,,true
1835P1200X,Pharmacy Service Providers,Pharmacist,Pharmacotherapy,Pharmacotherapy Pharmacist,Individual,,,,true
1835P1300X,Pharmacy Service Providers,Pharmacist,Psychiatric,Psychiatric Pharmacist,Individual,,,,true
1835S0206X,Pharmacy Service Providers,Pharmacist,Solid Organ Transplant,Solid Organ Transplant Pharmacist,Individual,,,,true
183700000X,Pharmacy Service Providers,Pharmacy Technician,,Pharmacy Technician,Individual,,,,true
367A00000X,Physician Assistants & Advanced Practice Nursing Providers,Advanced Practice Midwife,,Advanced Practice Midwife,Individual,,,,true
367H00000X,Physician Assistants & Advanced Practice Nursing Providers,Anesthesiologist Assistant,,Anesthesiologist Assistant,Individual,,,,true
364S00000X,Physician Assistants & Advanced Practice Nursing Providers,Clinical Nurse Specialist,,Clinical Nurse Specialist,Individual,,,,true
364SA2100X,Physician Assistants & Advanced Practice Nursing Providers,Clinical Nurse Specialist,Acute Care,Acute Care Clinical Nurse Specialist,Individual,,,,true
364SA2200X,Physician Assistants & Advanced Practice Nursing Providers,Clinical Nurse Specialist,Adult Health,Adult Health Clinical Nurse Specialist,Individual,,,,true
364SC2300X,Physician Assistants & Advanced Practice Nursing Providers,Clinical Nurse Specialist,Chronic Care,Chronic Care Clinical Nurse Specialist,Individual,,,,true
364SC1501X,Physician Assistants & Advanced Practice Nursing Providers,Clinical Nurse Specialist,Community Health/Public Health,Community Health/Public Health Clinical Nurse Specialist,Individual,,,,true
364SC0200X,Physician Assistants & Advanced Practice Nursing Providers,Clinical Nurse Specialist,Critical Care Medicine,Critical Care Medicine Clinical Nurse Specialist,Individual,,,,true
364SE0003X,Physician Assistants & Advanced Practice Nursing Providers,Clinical Nurse Specialist,Emergency,Emergency Clinical Nurse Specialist,Individual,,,,true
364SE1400X,Physician Assistants & Advanced Practice Nursing Providers,Clinical Nurse Specialist,Ethics,Ethics Clinical Nurse Specialist,Individual,,,,true
364SF0001X,Physician Assistants & Advanced Practice Nursing Providers,Clinical Nurse Specialist,Family Health,Family Health Clinical Nurse Specialist,Individual,,,,true
364SG0600X,Physician Assistants & Advanced Practice Nursing Providers,Clinical Nurse Specialist,Gerontology,Gerontology Clinical Nurse Specialist,Individual,,,,true
364SH1100X,Physician Assistants & Advanced Practice Nursing Providers,Clinical Nurse Specialist,Holistic,Holistic Clinical Nurse Specialist,Individual,,,,true
364SH0200X,Physician Assistants & Advanced Practice Nursing Providers,Clinical Nurse Specialist,Home Health,Home Health Clinical Nurse Specialist,Individual,,,,true
364SI0800X,Physician Assistants & Advanced Practice Nursing Providers,Clinical Nurse Specialist,Informatics,Informatics Clinical Nurse Specialist,Individual,,,,true
364SL0600X,Physician Assistants & Advanced Practice Nursing Providers,Clinical Nurse Specialist,Long-Term Care,Long-Term Care Clinical Nurse Specialist,Individual,,,,true
364SM0705X,Physician Assistants & Advanced Practice Nursing Providers,Clinical Nurse Specialist,Medical-Surgical,Medical-Surgical Clinical Nurse Specialist,Individual,,,,true
364SN0000X,Physician Assistants & Advanced Practice Nursing Providers,Clinical Nurse Specialist,Neonatal,Neonatal Clinical Nurse Specialist,Individual,,,,true
364SN0800X,Physician Assistants & Advanced Practice Nursing Providers,Clinical Nurse Specialist,Neuroscience,Neuroscience Clinical Nurse Specialist,Individual,,,,true
364SX0106X,Physician Assistants & Advanced Practice Nursing Providers,Clinical Nurse Specialist,Occupational Health,Occupational Health Clinical Nurse Specialist,Individual,,,,true
364SX0200X,Physician Assistants & Advanced Practice Nursing Providers,Clinical Nurse Specialist,Oncology,Oncology Clinical Nurse Specialist,Individual,,,,true
364SX0204X,Physician Assistants & Advanced Practice Nursing Providers,Clinical Nurse Specialist,"Oncology, Pediatrics",Pediatric Oncology Clinical Nurse Specialist,Individual,,,,true
364SP0200X,Physician Assistants & Advanced Practice Nursing Providers,Clinical Nurse Specialist,Pediatrics,Pediatric Clinical Nurse Specialist,Individual,,,,true
364SP1700X,Physician Assistants & Advanced Practice Nursing Providers,Clinical Nurse Specialist,Perinatal,Perinatal Clinical Nurse Specialist,Individual,,,,true
364SP2800X,Physician Assistants & Advanced Practice Nursing Providers,Clinical Nurse Specialist,Perioperative,Perioperative Clinical Nurse Specialist,Individual,,,,true
364SP0808X,Physician Assistants & Advanced Practice Nursing Providers,Clinical Nurse Specialist,Psychiatric/Mental Health,Psychiatric/Mental Health Clinical Nurse Specialist,Individual,,,,true
364SP0809X,Physician Assistants & Advanced Practice Nursing Providers,Clinical Nurse Specialist,"Psychiatric/Mental Health, Adult",Adult Psychiatric/Mental Health Clinical Nurse Specialist,Individual,,,,true
364SP0807X,Physician Assistants & Advanced Practice Nursing Providers,Clinical Nurse Specialist,"Psychiatric/Mental Health, Child & Adolescent",Child & Adolescent Psychiatric/Mental Health Clinical Nurse Specialist,Individual,,,,true
364SP0810X,Physician Assistants & Advanced Practice Nursing Providers,Clinical Nurse Specialist,"Psychiatric/Mental Health, Child & Family",Child & Family Psychiatric/Mental Health Clinical Nurse Specialist,Individual,,,,true
364SP0811X,Physician Assistants & Advanced Practice Nursing Providers,Clinical Nurse Specialist,"Psychiatric/Mental Health, Chronically Ill",Chronically Ill Psychiatric/Mental Health Clinical Nurse Specialist,Individual,,,,true
364SP0812X,Physician Assistants & Advanced Practice Nursing Providers,Clinical Nurse Specialist,"Psychiatric/Mental Health, Community",Community Psychiatric/Mental Health Clinical Nurse Specialist,Individual,,,,true
364SP0813X,Physician Assistants & Advanced Practice Nursing Providers,Clinical Nurse Specialist,"Psychiatric/Mental Health, Geropsychiatric",Geropsychiatric Psychiatric/Mental Health Clinical Nurse Specialist,Individual,,,,true
364SR0400X,Physician Assistants & Advanced Practice Nursing Providers,Clinical Nurse Specialist,Rehabilitation,Rehabilitation Clinical Nurse Specialist,Individual,,,,true
364SS0200X,Physician Assistants & Advanced Practice Nursing Providers,Clinical Nurse Specialist,School,School Clinical Nurse Specialist,Individual,,,,true
364ST0500X,Physician Assistants & Advanced Practice Nursing Providers,Clinical Nurse Specialist,Transplantation,Transplantation Clinical Nurse Specialist,Individual,,,,true
364SW0102X,Physician Assistants & Advanced Practice Nursing Providers,Clinical Nurse Specialist,Women's Health,Women's Health Clinical Nurse Specialist,Individual,,,,true
367500000X,Physician Assistants & Advanced Practice Nursing Providers,"Nurse Anesthetist, Certified Registered",,Certified Registered Nurse Anesthetist,Individual,,,,true
363L00000X,Physician Assistants & Advanced Practice Nursing Providers,Nurse Practitioner,,Nurse Practitioner,Individual,,,,true
363LA2100X,Physician Assistants & Advanced Practice Nursing Providers,Nurse Practitioner,Acute Care,Acute Care Nurse Practitioner,Individual,,,,true
363LA2200X,Physician Assistants & Advanced Practice Nursing Providers,Nurse Practitioner,Adult Health,Adult Health Nurse Practitioner,Individual,,,,true
363LC1500X,Physician Assistants & Advanced Practice Nursing Providers,Nurse Practitioner,Community Health,Community Health Nurse Practitioner,Individual,,,,true
363LC0200X,Physician Assistants & Advanced Practice Nursing Providers,Nurse Practitioner,Critical Care Medicine,Critical Care Medicine Nurse Practitioner,Individual,,,,true
363LF0000X,Physician Assistants & Advanced Practice Nursing Providers,Nurse Practitioner,Family,Family Nurse Practitioner,Individual,,,,true
363LG0600X,Physician Assistants & Advanced Practice Nursing Providers,Nurse Practitioner,Gerontology,Gerontology Nurse Practitioner,Individual,,,,true
363LN0000X,Physician Assistants & Advanced Practice Nursing Providers,Nurse Practitioner,Neonatal,Neonatal Nurse Practitioner,Individual,,,,true
363LN0005X,Physician Assistants & Advanced Practice Nursing Providers,Nurse Practitioner,"Neonatal, Critical Care",Critical Care Neonatal Nurse Practitioner,Individual,,,,true
363LX0001X,Physician Assistants & Advanced Practice Nursing Providers,Nurse Practitioner,Obstetrics & Gynecology,Obstetrics & Gynecology Nurse Practitioner,Individual,,,,true
363LX0106X,Physician Assistants & Advanced Practice Nursing Providers,Nurse Practitioner,Occupational Health,Occupational Health Nurse Practitioner,Individual,,,,true
363LP0200X,Physician Assistants & Advanced Practice Nursing Providers,Nurse Practitioner,Pediatrics,Pediatric Nurse Practitioner,Individual,,,,true
363LP0222X,Physician Assistants & Advanced Practice Nursing Providers,Nurse Practitioner,"Pediatrics, Critical Care",Critical Care Pediatric Nurse Practitioner,Individual,,,,true
363LP1700X,Physician Assistants & Advanced Practice Nursing Providers,Nurse Practitioner,Perinatal,Perinatal Nurse Practitioner,Individual,,,,true
363LP2300X,Physician Assistants & Advanced Practice Nursing Providers,Nurse Practitioner,Primary Care,Primary Care Nurse Practitioner,Individual,,,,true
363LP0808X,Physician Assistants & Advanced Practice Nursing Providers,Nurse Practitioner,Psychiatric/Mental Health,Psychiatric/Mental Health Nurse Practitioner,Individual,,,,true
363LS0200X,Physician Assistants & Advanced Practice Nursing Providers,Nurse Practitioner,School,School Nurse Practitioner,Individual,,,,true
363LW0102X,Physician Assistants & Advanced Practice Nursing Providers,Nurse Practitioner,Women's Health,Women's Health Nurse Practitioner,Individual,,,,true
363A00000X,Physician Assistants & Advanced Practice Nursing Providers,Physician Assistant,,Physician Assistant,Individual,,,,true
363AM0700X,Physician Assistants & Advanced Practice Nursing Providers,Physician Assistant,Medical,Medical Physician Assistant,Individual,,,,true
363AS0400X,Physician Assistants & Advanced Practice Nursing Providers,Physician Assistant,Surgical,Surgical Physician Assistant,Individual,,,,true
211D00000X,Podiatric Medicine & Surgery Service Providers,"Assistant, Podiatric",,Podiatric Assistant,Individual,,,,true
213E00000X,Podiatric Medicine & Surgery Service Providers,Podiatrist,,Podiatrist,Individual,,,,true
213ES0103X,Podiatric Medicine & Surgery Service Providers,Podiatrist,Foot & Ankle Surgery,Foot & Ankle Surgery Podiatrist,Individual,,,,true
213ES0131X,Podiatric Medicine & Surgery Service Providers,Podiatrist,Foot Surgery,Foot Surgery Podiatrist,Individual,,,,true
213EG0000X,Podiatric Medicine & Surgery Service Providers,Podiatrist,General Practice,Podiatrist,Individual,,,,true
213EP1101X,Podiatric Medicine & Surgery Service Providers,Podiatrist,Primary Podiatric Medicine,Primary Podiatric Medicine Podiatrist,Individual,,,,true
213EP0504X,Podiatric Medicine & Surgery Service Providers,Podiatrist,Public Medicine,Public Medicine Podiatrist,Individual,,,,true
213ER0200X,Podiatric Medicine & Surgery Service Providers,Podiatrist,Radiology,Radiology Podiatrist,Individual,,,,true
213ES0000X,Podiatric Medicine & Surgery Service Providers,Podiatrist,Sports Medicine,Sports Medicine Podiatrist,Individual,,,,true
229N00000X,"Respiratory, Developmental, Rehabilitative and Restorative Service Providers",Anaplastologist,,Anaplastologist,Individual,,,,true
221700000X,"Respiratory, Developmental, Rehabilitative and Restorative Service Providers",Art Therapist,,Art Therapist,Individual,,,,true
224Y00000X,"Respiratory, Developmental, Rehabilitative and Restorative Service Providers",Clinical Exercise Physiologist,,Clinical Exercise Physiologist,Individual,,,,true
225600000X,"Respiratory, Developmental, Rehabilitative and Restorative Service Providers",Dance Therapist,,Dance Therapist,Individual,,,,true
222Q00000X,"Respiratory, Developmental, Rehabilitative and Restorative Service Providers",Developmental Therapist,,Developmental Therapist,Individual,,,,true
226300000X,"Respiratory, Developmental, Rehabilitative and Restorative Service Providers",Kinesiotherapist,,Kinesiotherapist,Individual,,,,true
225700000X,"Respiratory, Developmental, Rehabilitative and Restorative Service Providers",Massage Therapist,,Massage Therapist,Individual,,,,true
224900000X,"Respiratory, Developmental, Rehabilitative and Restorative Service Providers",Mastectomy Fitter,,Mastectomy Fitter,Individual,,,,true
225A00000X,"Respiratory, Developmental, Rehabilitative and Restorative Service Providers",Music Therapist,,Music Therapist,Individual,,,,true
225X00000X,"Respiratory, Developmental, Rehabilitative and Restorative Service Providers",Occupational Therapist,,Occupational Therapist,Individual,,,,true
225XR0403X,"Respiratory, Developmental, Rehabilitative and Restorative Service Providers",Occupational Therapist,Driving and Community Mobility,Driving and Community Mobility Occupational Therapist,Individual,,,,true
225XE0001X,"Respiratory, Developmental, Rehabilitative and Restorative Service Providers",Occupational Therapist,Environmental Modification,Environmental Modification Occupational Therapist,Individual,,,,true
225XE1200X,"Respiratory, Developmental, Rehabilitative and Restorative Service Providers",Occupational Therapist,Ergonomics,Ergonomics Occupational Therapist,Individual,,,,true
225XF0002X,"Respiratory, Developmental, Rehabilitative and Restorative Service Providers",Occupational Therapist,"Feeding, Eating & Swallowing","Feeding, Eating & Swallowing Occupational Therapist",Individual,,,,true
225XG0600X,"Respiratory, Developmental, Rehabilitative and Restorative Service Providers",Occupational Therapist,Gerontology,Gerontology Occupational Therapist,Individual,,,,true
225XH1200X,"Respiratory, Developmental, Rehabilitative and Restorative Service Providers",Occupational Therapist,Hand,Hand Occupational Therapist,Individual,,,,true
225XH1300X,"Respiratory, Developmental, Rehabilitative and Restorative Service Providers",Occupational Therapist,Human Factors,Human Factors Occupational Therapist,Individual,,,,true
225XL0004X,"Respiratory, Developmental, Rehabilitative and Restorative Service Providers",Occupational Therapist,Low Vision,Low Vision Occupational Therapist,Individual,,,,true
225XM0800X,"Respiratory, Developmental, Rehabilitative and Restorative Service Providers",Occupational Therapist,Mental Health,Mental Health Occupational Therapist,Individual,,,,true
225XN1300X,"Respiratory, Developmental, Rehabilitative and Restorative Service Providers",Occupational Therapist,Neurorehabilitation,Neurorehabilitation Occupational Therapist,Individual,,,,true
225XP0200X,"Respiratory, Developmental, Rehabilitative and Restorative Service Providers",Occupational Therapist,Pediatrics,Pediatric Occupational Therapist,Individual,,,,true
225XP0019X,"Respiratory, Developmental, Rehabilitative and Restorative Service Providers",Occupational Therapist,Physical Rehabilitation,Physical Rehabilitation Occupational Therapist,Individual,,,,true
224Z00000X,"Respiratory, Developmental, Rehabilitative and Restorative Service Providers",Occupational Therapy Assistant,,Occupational Therapy Assistant,Individual,,,,true
224ZR0403X,"Respiratory, Developmental, Rehabilitative and Restorative Service Providers",Occupational Therapy Assistant,Driving and Community Mobility,Driving and Community Mobility Occupational Therapy Assistant,Individual,,,,true
224ZE0001X,"Respiratory, Developmental, Rehabilitative and Restorative Service Providers",Occupational Therapy Assistant,Environmental Modification,Environmental Modification Occupational Therapy Assistant,Individual,,,,true
224ZF0002X,"Respiratory, Developmental, Rehabilitative and Restorative Service Providers",Occupational Therapy Assistant,"Feeding, Eating & Swallowing","Feeding, Eating & Swallowing Occupational Therapy Assistant",Individual,,,,true
224ZL0004X,"Respiratory, Developmental, Rehabilitative and Restorative Service Providers",Occupational Therapy Assistant,Low Vision,Low Vision Occupational Therapy Assistant,Individual,,,,true
225000000X,"Respiratory, Developmental, Rehabilitative and Restorative Service Providers",Orthotic Fitter,,Orthotic Fitter,Individual,,,,true
222Z00000X,"Respiratory, Developmental, Rehabilitative and Restorative Service Providers",Orthotist,,Orthotist,Individual,,,,true
224L00000X,"Respiratory, Developmental, Rehabilitative and Restorative Service Providers",Pedorthist,,Pedorthist,Individual,,,,true
225100000X,"Respiratory, Developmental, Rehabilitative and Restorative Service Providers",Physical Therapist,,Physical Therapist,Individual,,,,true
2251C2600X,"Respiratory, Developmental, Rehabilitative and Restorative Service Providers",Physical Therapist,Cardiopulmonary,Cardiopulmonary Physical Therapist,Individual,,,,true
2251E1300X,"Respiratory, Developmental, Rehabilitative and Restorative Service Providers",Physical Therapist,"Electrophysiology, Clinical",Clinical Electrophysiology Physical Therapist,Individual,,,,true
2251E1200X,"Respiratory, Developmental, Rehabilitative and Restorative Service Providers",Physical Therapist,Ergonomics,Ergonomics Physical Therapist,Individual,,,,true
2251G0304X,"Respiratory, Developmental, Rehabilitative and Restorative Service Providers",Physical Therapist,Geriatrics,Geriatric Physical Therapist,Individual,,,,true
2251H1200X,"Respiratory, Developmental, Rehabilitative and Restorative Service Providers",Physical Therapist,Hand,Hand Physical Therapist,Individual,,,,true
2251H1300X,"Respiratory, Developmental, Rehabilitative and Restorative Service Providers",Physical Therapist,Human Factors,Human Factors Physical Therapist,Individual,,,,true
2251N0400X,"Respiratory, Developmental, Rehabilitative and Restorative Service Providers",Physical Therapist,Neurology,Neurology Physical Therapist,Individual,,,,true
2251X0800X,"Respiratory, Developmental, Rehabilitative and Restorative Service Providers",Physical Therapist,Orthopedic,Orthopedic Physical Therapist,Individual,,,,true
2251P0200X,"Respiratory, Developmental, Rehabilitative and Restorative Service Providers",Physical Therapist,Pediatrics,Pediatric Physical Therapist,Individual,,,,true
2251S0007X,"Respiratory, Developmental, Rehabilitative and Restorative Service Providers",Physical Therapist,Sports,Sports Physical Therapist,Individual,,,,true
225200000X,"Respiratory, Developmental, Rehabilitative and Restorative Service Providers",Physical Therapy Assistant,,Physical Therapy Assistant,Individual,,,,true
224P00000X,"Respiratory, Developmental, Rehabilitative and Restorative Service Providers",Prosthetist,,Prosthetist,Individual,,,,true
225B00000X,"Respiratory, Developmental, Rehabilitative and Restorative Service Providers",Pulmonary Function Technologist,,Pulmonary Function Technologist,Individual,,,,true
225800000X,"Respiratory, Developmental, Rehabilitative and Restorative Service Providers",Recreation Therapist,,Recreation Therapist,Individual,,,,true
226000000X,"Respiratory, Developmental, Rehabilitative and Restorative Service Providers",Recreational Therapist Assistant,,Recreational Therapist Assistant,Individual,,,,true
225C00000X,"Respiratory, Developmental, Rehabilitative and Restorative Service Providers",Rehabilitation Counselor,,Rehabilitation Counselor,Individual,,,,true
225CA2400X,"Respiratory, Developmental, Rehabilitative and Restorative Service Providers",Rehabilitation Counselor,Assistive Technology Practitioner,Assistive Technology Practitioner Rehabilitation Counselor,Individual,,,,true
225CA2500X,"Respiratory, Developmental, Rehabilitative and Restorative Service Providers",Rehabilitation Counselor,Assistive Technology Supplier,Assistive Technology Supplier Rehabilitation Counselor,Individual,,,,true
225CX0006X,"Respiratory, Developmental, Rehabilitative and Restorative Service Providers",Rehabilitation Counselor,Orientation and Mobility Training Provider,Orientation and Mobility Training Rehabilitation Counselor,Individual,,,,true
225400000X,"Respiratory, Developmental, Rehabilitative and Restorative Service Providers",Rehabilitation Practitioner,,Rehabilitation Practitioner,Individual,,,,true
227800000X,"Respiratory, Developmental, Rehabilitative and Restorative Service Providers","Respiratory Therapist, Certified",,Certified Respiratory Therapist,Individual,,,,true
2278C0205X,"Respiratory, Developmental, Rehabilitative and Restorative Service Providers","Respiratory Therapist, Certified",Critical Care,Critical Care Certified Respiratory Therapist,Individual,,,,true
2278E1000X,"Respiratory, Developmental, Rehabilitative and Restorative Service Providers","Respiratory Therapist, Certified",Educational,Educational Certified Respiratory Therapist,Individual,,,,true
2278E0002X,"Respiratory, Developmental, Rehabilitative and Restorative Service Providers","Respiratory Therapist, Certified",Emergency Care,Emergency Care Certified Respiratory Therapist,Individual,,,,true
2278G1100X,"Respiratory, Developmental, Rehabilitative and Restorative Service Providers","Respiratory Therapist, Certified",General Care,General Care Certified Respiratory Therapist,Individual,,,,true
2278G0305X,"Respiratory, Developmental, Rehabilitative and Restorative Service Providers","Respiratory Therapist, Certified",Geriatric Care,Geriatric Care Certified Respiratory Therapist,Individual,,,,true
2278H0200X,"Respiratory, Developmental, Rehabilitative and Restorative Service Providers","Respiratory Therapist, Certified",Home Health,Home Health Certified Respiratory Therapist,Individual,,,,true
2278P3900X,"Respiratory, Developmental, Rehabilitative and Restorative Service Providers","Respiratory Therapist, Certified",Neonatal/Pediatrics,Neonatal/Pediatric Certified Respiratory Therapist,Individual,,,,true
2278P3800X,"Respiratory, Developmental, Rehabilitative and Restorative Service Providers","Respiratory Therapist, Certified",Palliative/Hospice,Palliative/Hospice Certified Respiratory Therapist,Individual,,,,true
2278P4000X,"Respiratory, Developmental, Rehabilitative and Restorative Service Providers","Respiratory Therapist, Certified",Patient Transport,Patient Transport Certified Respiratory Therapist,Individual,,,,true
2278P1004X,"Respiratory, Developmental, Rehabilitative and Restorative Service Providers","Respiratory Therapist, Certified",Pulmonary Diagnostics,Pulmonary Diagnostics Certified Respiratory Therapist,Individual,,,,true
2278P1006X,"Respiratory, Developmental, Rehabilitative and Restorative Service Providers","Respiratory Therapist, Certified",Pulmonary Function Technologist,Pulmonary Function Technologist Certified Respiratory Therapist,Individual,,,,true
2278P1005X,"Respiratory, Developmental, Rehabilitative and Restorative Service Providers","Respiratory Therapist, Certified",Pulmonary Rehabilitation,Pulmonary Rehabilitation Certified Respiratory Therapist,Individual,,,,true
2278S1500X,"Respiratory, Developmental, Rehabilitative and Restorative Service Providers","Respiratory Therapist, Certified",SNF/Subacute Care,SNF/Subacute Care Certified Respiratory Therapist,Individual,,,,true
227900000X,"Respiratory, Developmental, Rehabilitative and Restorative Service Providers","Respiratory Therapist, Registered",,Registered Respiratory Therapist,Individual,,,,true
2279C0205X,"Respiratory, Developmental, Rehabilitative and Restorative Service Providers","Respiratory Therapist, Registered",Critical Care,Critical Care Registered Respiratory Therapist,Individual,,,,true
2279E1000X,"Respiratory, Developmental, Rehabilitative and Restorative Service Providers","Respiratory Therapist, Registered",Educational,Educational Registered Respiratory Therapist,Individual,,,,true
2279E0002X,"Respiratory, Developmental, Rehabilitative and Restorative Service Providers","Respiratory Therapist, Registered",Emergency Care,Emergency Care Registered Respiratory Therapist,Individual,,,,true
2279G1100X,"Respiratory, Developmental, Rehabilitative and Restorative Service Providers","Respiratory Therapist, Registered",General Care,General Care Registered Respiratory Therapist,Individual,,,,true
2279G0305X,"Respiratory, Developmental, Rehabilitative and Restorative Service Providers","Respiratory Therapist, Registered",Geriatric Care,Geriatric Care Registered Respiratory Therapist,Individual,,,,true
2279H0200X,"Respiratory, Developmental, Rehabilitative and Restorative Service Providers","Respiratory Therapist, Registered",Home Health,Home Health Registered Respiratory Therapist,Individual,,,,true
2279P3900X,"Respiratory, Developmental, Rehabilitative and Restorative Service Providers","Respiratory Therapist, Registered",Neonatal/Pediatrics,Neonatal/Pediatric Registered Respiratory Therapist,Individual,,,,true
2279P3800X,"Respiratory, Developmental, Rehabilitative and Restorative Service Providers","Respiratory Therapist, Registered",Palliative/Hospice,Palliative/Hospice Registered Respiratory Therapist,Individual,,,,true
2279P4000X,"Respiratory, Developmental, Rehabilitative and Restorative Service Providers","Respiratory Therapist, Registered",Patient Transport,Patient Transport Registered Respiratory Therapist,Individual,,,,true
2279P1004X,"Respiratory, Developmental, Rehabilitative and Restorative Service Providers","Respiratory Therapist, Registered",Pulmonary Diagnostics,Pulmonary Diagnostics Registered Respiratory Therapist,Individual,,,,true
2279P1006X,"Respiratory, Developmental, Rehabilitative and Restorative Service Providers","Respiratory Therapist, Registered",Pulmonary Function Technologist,Pulmonary Function Technologist Registered Respiratory Therapist,Individual,,,,true
2279P1005X,"Respiratory, Developmental, Rehabilitative and Restorative Service Providers","Respiratory Therapist, Registered",Pulmonary Rehabilitation,Pulmonary Rehabilitation Registered Respiratory Therapist,Individual,,,,true
2279S1500X,"Respiratory, Developmental, Rehabilitative and Restorative Service Providers","Respiratory Therapist, Registered",SNF/Subacute Care,SNF/Subacute Care Registered Respiratory Therapist,Individual,,,,true
225500000X,"Respiratory, Developmental, Rehabilitative and Restorative Service Providers",Specialist/Technologist,,Respiratory/Developmental/Rehabilitative Specialist/Technologist,Individual,,,,true
2255A2300X,"Respiratory, Developmental, Rehabilitative and Restorative Service Providers",Specialist/Technologist,Athletic Trainer,Athletic Trainer,Individual,,,,true
2255R0406X,"Respiratory, Developmental, Rehabilitative and Restorative Service Providers",Specialist/Technologist,"Rehabilitation, Blind",Blind Rehabilitation Specialist/Technologist,Individual,,,,true
231H00000X,"Speech, Language and Hearing Service Providers",Audiologist,,Audiologist,Individual,,,,true
231HA2400X,"Speech, Language and Hearing Service Providers",Audiologist,Assistive Technology Practitioner,Assistive Technology Practitioner Audiologist,Individual,,,,true
231HA2500X,"Speech, Language and Hearing Service Providers",Audiologist,Assistive Technology Supplier,Assistive Technology Supplier Audiologist,Individual,,,,true
237600000X,"Speech, Language and Hearing Service Providers",Audiologist-Hearing Aid Fitter,,Audiologist-Hearing Aid Fitter,Individual,,,,true
237700000X,"Speech, Language and Hearing Service Providers",Hearing Instrument Specialist,,Hearing Instrument Specialist,Individual,,,,true
235500000X,"Speech, Language and Hearing Service Providers",Specialist/Technologist,,Speech/Language/Hearing Specialist/Technologist,Individual,,,,true
2355A2700X,"Speech, Language and Hearing Service Providers",Specialist/Technologist,Audiology Assistant,Audiology Assistant,Individual,,,,true
2355S0801X,"Speech, Language and Hearing Service Providers",Specialist/Technologist,Speech-Language Assistant,Speech-Language Assistant,Individual,,,,true
235Z00000X,"Speech, Language and Hearing Service Providers",Speech-Language Pathologist,,Speech-Language Pathologist,Individual,,,,true
390200000X,"Student, Health Care",Student in an Organized Health Care Education/Training Program,,Student in an Organized Health Care Education/Training Program,Individual,,,,false
242T00000X,"Technologists, Technicians & Other Technical Service Providers",Perfusionist,,Perfusionist,Individual,,,,true
247100000X,"Technologists, Technicians & Other Technical Service Providers",Radiologic Technologist,,Radiologic Technologist,Individual,,,,true
2471B0102X,"Technologists, Technicians & Other Technical Service Providers",Radiologic Technologist,Bone Densitometry,Bone Densitometry Radiologic Technologist,Individual,,,,true
2471C1106X,"Technologists, Technicians & Other Technical Service Providers",Radiologic Technologist,Cardiac-Interventional Technology,Cardiac-Interventional Technology Radiologic Technologist,Individual,,,,true
2471C1101X,"Technologists, Technicians & Other Technical Service Providers",Radiologic Technologist,Cardiovascular-Interventional Technology,Cardiovascular-Interventional Technology Radiologic Technologist,Individual,,,,true
2471C3401X,"Technologists, Technicians & Other Technical Service Providers",Radiologic Technologist,Computed Tomography,Computed Tomography Radiologic Technologist,Individual,,,,true
2471M1202X,"Technologists, Technicians & Other Technical Service Providers",Radiologic Technologist,Magnetic Resonance Imaging,Magnetic Resonance Imaging Radiologic Technologist,Individual,,,,true
2471M2300X,"Technologists, Technicians & Other Technical Service Providers",Radiologic Technologist,Mammography,Mammography Radiologic Technologist,Individual,,,,true
2471N0900X,"Technologists, Technicians & Other Technical Service Providers",Radiologic Technologist,Nuclear Medicine Technology,Nuclear Medicine Technology Radiologic Technologist,Individual,,,,true
2471Q0001X,"Technologists, Technicians & Other Technical Service Providers",Radiologic Technologist,Quality Management,Quality Management Radiologic Technologist,Individual,,,,true
2471R0002X,"Technologists, Technicians & Other Technical Service Providers",Radiologic Technologist,Radiation Therapy,Radiation Therapy Radiologic Technologist,Individual,,,,true
2471C3402X,"Technologists, Technicians & Other Technical Service Providers",Radiologic Technologist,Radiography,Radiography Radiologic Technologist,Individual,,,,true
2471S1302X,"Technologists, Technicians & Other Technical Service Providers",Radiologic Technologist,Sonography,Sonography Radiologic Technologist,Individual,,,,true
2471V0105X,"Technologists, Technicians & Other Technical Service Providers",Radiologic Technologist,Vascular Sonography,Vascular Sonography Radiologic Technologist,Individual,,,,true
2471V0106X,"Technologists, Technicians & Other Technical Service Providers",Radiologic Technologist,Vascular-Interventional Technology,Vascular-Interventional Technology Radiologic Technologist,Individual,,,,true
243U00000X,"Technologists, Technicians & Other Technical Service Providers",Radiology Practitioner Assistant,,Radiology Practitioner Assistant,Individual,,,,true
246X00000X,"Technologists, Technicians & Other Technical Service Providers",Specialist/Technologist Cardiovascular,,Cardiovascular Specialist/Technologist,Individual,,,,true
246XC2901X,"Technologists, Technicians & Other Technical Service Providers",Specialist/Technologist Cardiovascular,Cardiovascular Invasive Specialist,Cardiovascular Invasive Specialist/Technologist,Individual,,,,true
246XS1301X,"Technologists, Technicians & Other Technical Service Providers",Specialist/Technologist Cardiovascular,Sonography,Sonography Specialist/Technologist Cardiovascular,Individual,,,,true
246XC2903X,"Technologists, Technicians & Other Technical Service Providers",Specialist/Technologist Cardiovascular,Vascular Specialist,Vascular Specialist/Technologist Cardiovascular,Individual,,,,true
246Y00000X,"Technologists, Technicians & Other Technical Service Providers","Specialist/Technologist, Health Information",,Health Information Specialist/Technologist,Individual,,,,true
246YC3301X,"Technologists, Technicians & Other Technical Service Providers","Specialist/Technologist, Health Information","Coding Specialist, Hospital Based",Hospital Based Coding Specialist,Individual,,,,true
246YC3302X,"Technologists, Technicians & Other Technical Service Providers","Specialist/Technologist, Health Information","Coding Specialist, Physician Office Based",Physician Office Based Coding Specialist,Individual,,,,true
246YR1600X,"Technologists, Technicians & Other Technical Service Providers","Specialist/Technologist, Health Information",Registered Record Administrator,Registered Record Administrator,Individual,,,,true
246Z00000X,"Technologists, Technicians & Other Technical Service Providers","Specialist/Technologist, Other",,Other Specialist/Technologist,Individual,,,,true
246ZA2600X,"Technologists, Technicians & Other Technical Service Providers","Specialist/Technologist, Other","Art, Medical",Medical Art Specialist/Technologist,Individual,,,,true
246ZB0500X,"Technologists, Technicians & Other Technical Service Providers","Specialist/Technologist, Other",Biochemist,Biochemist,Individual,,,,true
246ZB0301X,"Technologists, Technicians & Other Technical Service Providers","Specialist/Technologist, Other",Biomedical Engineering,Biomedical Engineer,Individual,,,,true
246ZB0302X,"Technologists, Technicians & Other Technical Service Providers","Specialist/Technologist, Other",Biomedical Photographer,Biomedical Photographer,Individual,,,,true
246ZB0600X,"Technologists, Technicians & Other Technical Service Providers","Specialist/Technologist, Other",Biostatistician,Biostatistician,Individual,,,,true
246ZE0500X,"Technologists, Technicians & Other Technical Service Providers","Specialist/Technologist, Other",EEG,EEG Specialist/Technologist,Individual,,,,true
246ZE0600X,"Technologists, Technicians & Other Technical Service Providers","Specialist/Technologist, Other",Electroneurodiagnostic,Electroneurodiagnostic Specialist/Technologist,Individual,,,,true
246ZG1000X,"Technologists, Technicians & Other Technical Service Providers","Specialist/Technologist, Other","Geneticist, Medical (PhD)",Medical Geneticist (PhD) Specialist/Technologist,Individual,,,,true
246ZG0701X,"Technologists, Technicians & Other Technical Service Providers","Specialist/Technologist, Other",Graphics Methods,Graphics Methods Specialist/Technologist,Individual,,,,true
246ZI1000X,"Technologists, Technicians & Other Technical Service Providers","Specialist/Technologist, Other","Illustration, Medical",Medical Illustrator,Individual,,,,true
246ZN0300X,"Technologists, Technicians & Other Technical Service Providers","Specialist/Technologist, Other",Nephrology,Nephrology Specialist/Technologist,Individual,,,,true
246ZX2200X,"Technologists, Technicians & Other Technical Service Providers","Specialist/Technologist, Other",Orthopedic Assistant,Orthopedic Assistant,Individual,,,,true
246ZC0007X,"Technologists, Technicians & Other Technical Service Providers","Specialist/Technologist, Other",Surgical Assistant,Surgical Assistant,Individual,,,,true
246ZS0410X,"Technologists, Technicians & Other Technical Service Providers","Specialist/Technologist, Other",Surgical Technologist,Surgical Technologist,Individual,,,,true
246Q00000X,"Technologists, Technicians & Other Technical Service Providers","Specialist/Technologist, Pathology",,Pathology Specialist/Technologist,Individual,,,,true
246QB0000X,"Technologists, Technicians & Other Technical Service Providers","Specialist/Technologist, Pathology",Blood Banking,Blood Banking Specialist/Technologist,Individual,,,,true
246QC1000X,"Technologists, Technicians & Other Technical Service Providers","Specialist/Technologist, Pathology",Chemistry,Chemistry Pathology Specialist/Technologist,Individual,,,,true
246QC2700X,"Technologists, Technicians & Other Technical Service Providers","Specialist/Technologist, Pathology",Cytotechnology,Cytotechnology Specialist/Technologist,Individual,,,,true
246QH0401X,"Technologists, Technicians & Other Technical Service Providers","Specialist/Technologist, Pathology",Hemapheresis Practitioner,Hemapheresis Practitioner,Individual,,,,true
246QH0000X,"Technologists, Technicians & Other Technical Service Providers","Specialist/Technologist, Pathology",Hematology,Hematology Specialist/Technologist,Individual,,,,true
246QH0600X,"Technologists, Technicians & Other Technical Service Providers","Specialist/Technologist, Pathology",Histology,Histology Specialist/Technologist,Individual,,,,true
246QI0000X,"Technologists, Technicians & Other Technical Service Providers","Specialist/Technologist, Pathology",Immunology,Immunology Pathology Specialist/Technologist,Individual,,,,true
246QL0900X,"Technologists, Technicians & Other Technical Service Providers","Specialist/Technologist, Pathology",Laboratory Management,Laboratory Management Specialist/Technologist,Individual,,,,true
246QL0901X,"Technologists, Technicians & Other Technical Service Providers","Specialist/Technologist, Pathology","Laboratory Management, Diplomate",Diplomate Laboratory Management Specialist/Technologist,Individual,,,,true
246QM0706X,"Technologists, Technicians & Other Technical Service Providers","Specialist/Technologist, Pathology",Medical Technologist,Medical Technologist,Individual,,,,true
246QM0900X,"Technologists, Technicians & Other Technical Service Providers","Specialist/Technologist, Pathology",Microbiology,Microbiology Specialist/Technologist,Individual,,,,true
246W00000X,"Technologists, Technicians & Other Technical Service Providers","Technician, Cardiology",,Cardiology Technician,Individual,,,,true
247000000X,"Technologists, Technicians & Other Technical Service Providers","Technician, Health Information",,Health Information Technician,Individual,,,,true
2470A2800X,"Technologists, Technicians & Other Technical Service Providers","Technician, Health Information",Assistant Record Technician,Assistant Health Information Record Technician,Individual,,,,true
247200000X,"Technologists, Technicians & Other Technical Service Providers","Technician, Other",,Other Technician,Individual,,,,true
2472B0301X,"Technologists, Technicians & Other Technical Service Providers","Technician, Other",Biomedical Engineering,Biomedical Engineering Technician,Individual,,,,true
2472D0500X,"Technologists, Technicians & Other Technical Service Providers","Technician, Other",Darkroom,Darkroom Technician,Individual,,,,true
2472E0500X,"Technologists, Technicians & Other Technical Service Providers","Technician, Other",EEG,EEG Technician,Individual,,,,true
2472R0900X,"Technologists, Technicians & Other Technical Service Providers","Technician, Other",Renal Dialysis,Renal Dialysis Technician,Individual,,,,true
2472V0600X,"Technologists, Technicians & Other Technical Service Providers","Technician, Other",Veterinary,Veterinary Technician,Individual,,,,true
246R00000X,"Technologists, Technicians & Other Technical Service Providers","Technician, Pathology",,Pathology Technician,Individual,,,,true
247ZC0005X,"Technologists, Technicians & Other Technical Service Providers","Technician, Pathology","Clinical Laboratory Director, Non-physician",Clinical Laboratory Director (Non-physician),Individual,,,,true
246RH0600X,"Technologists, Technicians & Other Technical Service Providers","Technician, Pathology",Histology,Histology Technician,Individual,,,,true
246RM2200X,"Technologists, Technicians & Other Technical Service Providers","Technician, Pathology",Medical Laboratory,Medical Laboratory Technician,Individual,,,,true
246RP1900X,"Technologists, Technicians & Other Technical Service Providers","Technician, Pathology",Phlebotomy,Phlebotomy Technician,Individual,,,,true
251B00000X,Agencies,Case Management,,Case Management Agency,Non-Individual,,,,true
251S00000X,Agencies,Community/Behavioral Health,,Community/Behavioral Health Agency,Non-Individual,,,,true
251C00000X,Agencies,"Day Training, Developmentally Disabled Services",,Developmentally Disabled Services Day Training Agency,Non-Individual,,,,true
252Y00000X,Agencies,Early Intervention Provider Agency,,Early Intervention Provider Agency,Non-Individual,,,,true
253J00000X,Agencies,Foster Care Agency,,Foster Care Agency,Non-Individual,,,,true
251E00000X,Agencies,Home Health,,Home Health Agency,Non-Individual,,,,true
251F00000X,Agencies,Home Infusion,,Home Infusion Agency,Non-Individual,,,,true
251G00000X,Agencies,"Hospice Care, Community Based",,Community Based Hospice Care Agency,Non-Individual,,,,true
253Z00000X,Agencies,In Home Supportive Care,,In Home Supportive Care Agency,Non-Individual,,,,true
251300000X,Agencies,Local Education Agency (LEA),,Local Education Agency (LEA),Non-Individual,,,,true
251J00000X,Agencies,Nursing Care,,Nursing Care Agency,Non-Individual,,,,true
251T00000X,Agencies,Program of All-Inclusive Care for the Elderly (PACE) Provider Organization,,PACE Provider Organization,Non-Individual,,,,true
251K00000X,Agencies,Public Health or Welfare,,Public Health or Welfare Agency,Non-Individual,,,,true
251X00000X,Agencies,Supports Brokerage,,Supports Brokerage Agency,Non-Individual,,,,true
251V00000X,Agencies,Voluntary or Charitable,,Voluntary or Charitable Agency,Non-Individual,,,,true
261Q00000X,Ambulatory Health Care Facilities,Clinic/Center,,Clinic/Center,Non-Individual,,,,true
261QM0855X,Ambulatory Health Care Facilities,Clinic/Center,Adolescent and Children Mental Health,Adolescent and Children Mental Health Clinic/Center,Non-Individual,,,,true
261QA0600X,Ambulatory Health Care Facilities,Clinic/Center,Adult Day Care,Adult Day Care Clinic/Center,Non-Individual,,,,true
261QM0850X,Ambulatory Health Care Facilities,Clinic/Center,Adult Mental Health,Adult Mental Health Clinic/Center,Non-Individual,,,,true
261QA0005X,Ambulatory Health Care Facilities,Clinic/Center,Ambulatory Family Planning Facility,Ambulatory Family Planning Facility,Non-Individual,,,,true
261QA0006X,Ambulatory Health Care Facilities,Clinic/Center,Ambulatory Fertility Facility,Ambulatory Fertility Facility,Non-Individual,,,,true
261QA1903X,Ambulatory Health Care Facilities,Clinic/Center,Ambulatory Surgical,Ambulatory Surgical Clinic/Center,Non-Individual,,,,true
261QA0900X,Ambulatory Health Care Facilities,Clinic/Center,Amputee,Amputee Clinic/Center,Non-Individual,,,,true
261QA3000X,Ambulatory Health Care Facilities,Clinic/Center,Augmentative Communication,Augmentative Communication Clinic/Center,Non-Individual,,,,true
261QB0400X,Ambulatory Health Care Facilities,Clinic/Center,Birthing,Birthing Clinic/Center,Non-Individual,,,,true
261QC1500X,Ambulatory Health Care Facilities,Clinic/Center,Community Health,Community Health Clinic/Center,Non-Individual,,,,true
261QC1800X,Ambulatory Health Care Facilities,Clinic/Center,Corporate Health,Corporate Health Clinic/Center,Non-Individual,,,,true
261QC0050X,Ambulatory Health Care Facilities,Clinic/Center,Critical Access Hospital,Critical Access Hospital Clinic/Center,Non-Individual,,,,true
261QD0000X,Ambulatory Health Care Facilities,Clinic/Center,Dental,Dental Clinic/Center,Non-Individual,,,,true
261QD1600X,Ambulatory Health Care Facilities,Clinic/Center,Developmental Disabilities,Developmental Disabilities Clinic/Center,Non-Individual,,,,true
261QE0002X,Ambulatory Health Care Facilities,Clinic/Center,Emergency Care,Emergency Care Clinic/Center,Non-Individual,,,,true
261QE0700X,Ambulatory Health Care Facilities,Clinic/Center,End-Stage Renal Disease (ESRD) Treatment,End-Stage Renal Disease (ESRD) Treatment Clinic/Center,Non-Individual,,,,true
261QE0800X,Ambulatory Health Care Facilities,Clinic/Center,Endoscopy,Endoscopy Clinic/Center,Non-Individual,,,,true
261QF0050X,Ambulatory Health Care Facilities,Clinic/Center,"Family Planning, Non-Surgical",Non-Surgical Family Planning Clinic/Center,Non-Individual,,,,true
261QF0400X,Ambulatory Health Care Facilities,Clinic/Center,Federally Qualified Health Center (FQHC),Federally Qualified Health Center (FQHC),Non-Individual,,,,true
261QG0250X,Ambulatory Health Care Facilities,Clinic/Center,Genetics,Genetics Clinic/Center,Non-Individual,,,,true
261QH0100X,Ambulatory Health Care Facilities,Clinic/Center,Health Service,Health Service Clinic/Center,Non-Individual,,,,true
261QH0700X,Ambulatory Health Care Facilities,Clinic/Center,Hearing and Speech,Hearing and Speech Clinic/Center,Non-Individual,,,,true
261QI0500X,Ambulatory Health Care Facilities,Clinic/Center,Infusion Therapy,Infusion Therapy Clinic/Center,Non-Individual,,,,true
261QL0400X,Ambulatory Health Care Facilities,Clinic/Center,Lithotripsy,Lithotripsy Clinic/Center,Non-Individual,,,,true
261QM1200X,Ambulatory Health Care Facilities,Clinic/Center,Magnetic Resonance Imaging (MRI),Magnetic Resonance Imaging (MRI) Clinic/Center,Non-Individual,,,,true
261QM2500X,Ambulatory Health Care Facilities,Clinic/Center,Medical Specialty,Medical Specialty Clinic/Center,Non-Individual,,,,true
261QM3000X,Ambulatory Health Care Facilities,Clinic/Center,Medically Fragile Infants and Children Day Care,Medically Fragile Infants and Children Day Care,Non-Individual,,,,true
261QM0801X,Ambulatory Health Care Facilities,Clinic/Center,Mental Health (Including Community Mental Health Center),Mental Health Clinic/Center (Including Community Mental Health Center),Non-Individual,,,,true
261QM2800X,Ambulatory Health Care Facilities,Clinic/Center,Methadone,Methadone Clinic,Non-Individual,,,,true
261QM1000X,Ambulatory Health Care Facilities,Clinic/Center,Migrant Health,Migrant Health Clinic/Center,Non-Individual,,,,true
261QM1103X,Ambulatory Health Care Facilities,Clinic/Center,Military Ambulatory Procedure Visits Operational (Transportable),Military Ambulatory Procedure Visits Operational (Transportable) Clinic/Center,Non-Individual,,,,true
261QM1101X,Ambulatory Health Care Facilities,Clinic/Center,Military and U.S. Coast Guard Ambulatory Procedure,Military and U.S. Coast Guard Ambulatory Procedure Clinic/Center,Non-Individual,,,,true
261QM1102X,Ambulatory Health Care Facilities,Clinic/Center,Military Outpatient Operational (Transportable) Component,Military Outpatient Operational (Transportable) Component Clinic/Center,Non-Individual,,,,true
261QM1100X,Ambulatory Health Care Facilities,Clinic/Center,Military/U.S. Coast Guard Outpatient,Military/U.S. Coast Guard Outpatient Clinic/Center,Non-Individual,,,,true
261QM1300X,Ambulatory Health Care Facilities,Clinic/Center,Multi-Specialty,Multi-Specialty Clinic/Center,Non-Individual,,,,true
261QX0100X,Ambulatory Health Care Facilities,Clinic/Center,Occupational Medicine,Occupational Medicine Clinic/Center,Non-Individual,,,,true
261QX0200X,Ambulatory Health Care Facilities,Clinic/Center,Oncology,Oncology Clinic/Center,Non-Individual,,,,true
261QX0203X,Ambulatory Health Care Facilities,Clinic/Center,"Oncology, Radiation",Radiation Oncology Clinic/Center,Non-Individual,,,,true
261QS0132X,Ambulatory Health Care Facilities,Clinic/Center,Ophthalmologic Surgery,Ophthalmologic Surgery Clinic/Center,Non-Individual,,,,true
261QS0112X,Ambulatory Health Care Facilities,Clinic/Center,Oral and Maxillofacial Surgery,Oral and Maxillofacial Surgery Clinic/Center,Non-Individual,,,,true
261QP3300X,Ambulatory Health Care Facilities,Clinic/Center,Pain,Pain Clinic/Center,Non-Individual,,,,true
261QP2000X,Ambulatory Health Care Facilities,Clinic/Center,Physical Therapy,Physical Therapy Clinic/Center,Non-Individual,,,,true
261QP1100X,Ambulatory Health Care Facilities,Clinic/Center,Podiatric,Podiatric Clinic/Center,Non-Individual,,,,true
261QP2300X,Ambulatory Health Care Facilities,Clinic/Center,Primary Care,Primary Care Clinic/Center,Non-Individual,,,,true
261QP2400X,Ambulatory Health Care Facilities,Clinic/Center,Prison Health,Prison Health Clinic/Center,Non-Individual,,,,true
261QP0904X,Ambulatory Health Care Facilities,Clinic/Center,"Public Health, Federal",Federal Public Health Clinic/Center,Non-Individual,,,,true
261QP0905X,Ambulatory Health Care Facilities,Clinic/Center,"Public Health, State or Local",State or Local Public Health Clinic/Center,Non-Individual,,,,true
261QR0200X,Ambulatory Health Care Facilities,Clinic/Center,Radiology,Radiology Clinic/Center,Non-Individual,,,,true
261QR0206X,Ambulatory Health Care Facilities,Clinic/Center,"Radiology, Mammography",Mammography Clinic/Center,Non-Individual,,,,true
261QR0208X,Ambulatory Health Care Facilities,Clinic/Center,"Radiology, Mobile",Mobile Radiology Clinic/Center,Non-Individual,,,,true
261QR0207X,Ambulatory Health Care Facilities,Clinic/Center,"Radiology, Mobile Mammography",Mobile Mammography Clinic/Center,Non-Individual,,,,true
261QR0800X,Ambulatory Health Care Facilities,Clinic/Center,Recovery Care,Recovery Care Clinic/Center,Non-Individual,,,,true
261QR0400X,Ambulatory Health Care Facilities,Clinic/Center,Rehabilitation,Rehabilitation Clinic/Center,Non-Individual,,,,true
261QR0404X,Ambulatory Health Care Facilities,Clinic/Center,"Rehabilitation, Cardiac Facilities",Cardiac Rehabilitation Clinic/Center,Non-Individual,,,,true
261QR0401X,Ambulatory Health Care Facilities,Clinic/Center,"Rehabilitation, Comprehensive Outpatient Rehabilitation Facility (CORF)",Comprehensive Outpatient Rehabilitation Facility (CORF),Non-Individual,,,,true
261QR0405X,Ambulatory Health Care Facilities,Clinic/Center,"Rehabilitation, Substance Use Disorder",Substance Use Disorder Rehabilitation Clinic/Center,Non-Individual,,,,true
261QR1100X,Ambulatory Health Care Facilities,Clinic/Center,Research,Research Clinic/Center,Non-Individual,,,,true
261QR1300X,Ambulatory Health Care Facilities,Clinic/Center,Rural Health,Rural Health Clinic/Center,Non-Individual,,,,true
261QS1200X,Ambulatory Health Care Facilities,Clinic/Center,Sleep Disorder Diagnostic,Sleep Disorder Diagnostic Clinic/Center,Non-Individual,,,,true
261QS1000X,Ambulatory Health Care Facilities,Clinic/Center,Student Health,Student Health Clinic/Center,Non-Individual,,,,true
261QU0200X,Ambulatory Health Care Facilities,Clinic/Center,Urgent Care,Urgent Care Clinic/Center,Non-Individual,,,,true
261QV0200X,Ambulatory Health Care Facilities,Clinic/Center,VA,VA Clinic/Center,Non-Individual,,,,true
273100000X,Hospital Units,Epilepsy Unit,,Epilepsy Hospital Unit,Non-Individual,,,,true
275N00000X,Hospital Units,Medicare Defined Swing Bed Unit,,Medicare Defined Swing Bed Hospital Unit,Non-Individual,,,,true
273R00000X,Hospital Units,Psychiatric Unit,,Psychiatric Hospital Unit,Non-Individual,,,,true
273Y00000X,Hospital Units,Rehabilitation Unit,,Rehabilitation Hospital Unit,Non-Individual,,,,true
276400000X,Hospital Units,"Rehabilitation, Substance Use Disorder Unit",,Substance Use Disorder Rehabilitation Hospital Unit,Non-Individual,,,,true
287300000X,Hospitals,Christian Science Sanitorium,,Christian Science Sanitorium,Non-Individual,,,,true
281P00000X,Hospitals,Chronic Disease Hospital,,Chronic Disease Hospital,Non-Individual,,,,true
281PC2000X,Hospitals,Chronic Disease Hospital,Children,Children's Chronic Disease Hospital,Non-Individual,,,,true
282N00000X,Hospitals,General Acute Care Hospital,,General Acute Care Hospital,Non-Individual,,,,true
282NC2000X,Hospitals,General Acute Care Hospital,Children,Children's Hospital,Non-Individual,,,,true
282NC0060X,Hospitals,General Acute Care Hospital,Critical Access,Critical Access Hospital,Non-Individual,,,,true
282NR1301X,Hospitals,General Acute Care Hospital,Rural,Rural Acute Care Hospital,Non-Individual,,,,true
282NW0100X,Hospitals,General Acute Care Hospital,Women,Women's Hospital,Non-Individual,,,,true
282E00000X,Hospitals,Long Term Care Hospital,,Long Term Care Hospital,Non-Individual,,,,true
286500000X,Hospitals,Military Hospital,,Military Hospital,Non-Individual,,,,true
2865C1500X,Hospitals,Military Hospital,Community Health,Military Hospital,Non-Individual,,,,true
2865M2000X,Hospitals,Military Hospital,Military General Acute Care Hospital,Military General Acute Care Hospital,Non-Individual,,,,true
2865X1600X,Hospitals,Military Hospital,Military General Acute Care Hospital. Operational (Transportable),Operational (Transportable) Military General Acute Care Hospital,Non-Individual,,,,true
283Q00000X,Hospitals,Psychiatric Hospital,,Psychiatric Hospital,Non-Individual,,,,true
283X00000X,Hospitals,Rehabilitation Hospital,,Rehabilitation Hospital,Non-Individual,,,,true
283XC2000X,Hospitals,Rehabilitation Hospital,Children,Children's Rehabilitation Hospital,Non-Individual,,,,true
282J00000X,Hospitals,Religious Nonmedical Health Care Institution,,Religious Nonmedical Health Care Institution,Non-Individual,,,,true
284300000X,Hospitals,Special Hospital,,Special Hospital,Non-Individual,,,,true
291U00000X,Laboratories,Clinical Medical Laboratory,,Clinical Medical Laboratory,Non-Individual,,,,true
292200000X,Laboratories,Dental Laboratory,,Dental Laboratory,Non-Individual,,,,true
291900000X,Laboratories,Military Clinical Medical Laboratory,,Military Clinical Medical Laboratory,Non-Individual,,,,true
293D00000X,Laboratories,Physiological Laboratory,,Physiological Laboratory,Non-Individual,,,,true
302F00000X,Managed Care Organizations,Exclusive Provider Organization,,Exclusive Provider Organization,Non-Individual,,,,true
302R00000X,Managed Care Organizations,Health Maintenance Organization,,Health Maintenance Organization,Non-Individual,,,,true
305S00000X,Managed Care Organizations,Point of Service,,Point of Service,Non-Individual,,,,true
305R00000X,Managed Care Organizations,Preferred Provider Organization,,Preferred Provider Organization,Non-Individual,,,,true
311500000X,Nursing & Custodial Care Facilities,Alzheimer Center (Dementia Center),,Alzheimer Center (Dementia Center),Non-Individual,,,,true
310400000X,Nursing & Custodial Care Facilities,Assisted Living Facility,,Assisted Living Facility,Non-Individual,,,,true
3104A0630X,Nursing & Custodial Care Facilities,Assisted Living Facility,"Assisted Living, Behavioral Disturbances",Assisted Living Facility (Behavioral Disturbances),Non-Individual,,,,true
3104A0625X,Nursing & Custodial Care Facilities,Assisted Living Facility,"Assisted Living, Mental Illness",Assisted Living Facility (Mental Illness),Non-Individual,,,,true
317400000X,Nursing & Custodial Care Facilities,Christian Science Facility,,Christian Science Facility,Non-Individual,,,,true
311Z00000X,Nursing & Custodial Care Facilities,Custodial Care Facility,,Custodial Care Facility,Non-Individual,,,,true
311ZA0620X,Nursing & Custodial Care Facilities,Custodial Care Facility,Adult Care Home,Adult Care Home Facility,Non-Individual,,,,true
315D00000X,Nursing & Custodial Care Facilities,"Hospice, Inpatient",,Inpatient Hospice,Non-Individual,,,,true
315P00000X,Nursing & Custodial Care Facilities,"Intermediate Care Facility, Intellectual Disabilities",,Intellectual Disabilities Intermediate Care Facility,Non-Individual,,,,true
310500000X,Nursing & Custodial Care Facilities,"Intermediate Care Facility, Mental Illness",,Mental Illness Intermediate Care Facility,Non-Individual,,,,true
313M00000X,Nursing & Custodial Care Facilities,Nursing Facility/Intermediate Care Facility,,Nursing Facility/Intermediate Care Facility,Non-Individual,,,,true
314000000X,Nursing & Custodial Care Facilities,Skilled Nursing Facility,,Skilled Nursing Facility,Non-Individual,,,,true
3140N1450X,Nursing & Custodial Care Facilities,Skilled Nursing Facility,"Nursing Care, Pediatric",Pediatric Skilled Nursing Facility,Non-Individual,,,,true
177F00000X,Other Service Providers,Lodging,,Lodging Provider,Non-Individual,,,,true
174200000X,Other Service Providers,Meals,,Meals Provider,Non-Individual,,,,true
320800000X,Residential Treatment Facilities,"Community Based Residential Treatment Facility, Mental Illness",,Mental Illness Community Based Residential Treatment Facility,Non-Individual,,,,true
320900000X,Residential Treatment Facilities,"Community Based Residential Treatment Facility, Intellectual and/or Developmental Disabilities",,Intellectual and/or Developmental Disabilities Community Based Residential Treatment Facility,Non-Individual,,,,true
323P00000X,Residential Treatment Facilities,Psychiatric Residential Treatment Facility,,Psychiatric Residential Treatment Facility,Non-Individual,,,,true
322D00000X,Residential Treatment Facilities,"Residential Treatment Facility, Emotionally Disturbed Children",,Emotionally Disturbed Childrens' Residential Treatment Facility,Non-Individual,,,,true
320600000X,Residential Treatment Facilities,"Residential Treatment Facility, Intellectual and/or Developmental Disabilities",,Intellectual and/or Developmental Disabilities Residential Treatment Facility,Non-Individual,,,,true
320700000X,Residential Treatment Facilities,"Residential Treatment Facility, Physical Disabilities",,Physical Disabilities Residential Treatment Facility,Non-Individual,,,,true
324500000X,Residential Treatment Facilities,Substance Abuse Rehabilitation Facility,,Substance Abuse Rehabilitation Facility,Non-Individual,,,,true
3245S0500X,Residential Treatment Facilities,Substance Abuse Rehabilitation Facility,"Substance Abuse Treatment, Children",Children's Substance Abuse Rehabilitation Facility,Non-Individual,,,,true
385H00000X,Respite Care Facility,Respite Care,,Respite Care,Non-Individual,,,,true
385HR2050X,Respite Care Facility,Respite Care,Respite Care Camp,Respite Care Camp,Non-Individual,,,,true
385HR2055X,Respite Care Facility,Respite Care,"Respite Care, Mental Illness, Child",Child Mental Illness Respite Care,Non-Individual,,,,true
385HR2060X,Respite Care Facility,Respite Care,"Respite Care, Intellectual and/or Developmental Disabilities, Child",Child Intellectual and/or Developmental Disabilities Respite Care,Non-Individual,,,,true
385HR2065X,Respite Care Facility,Respite Care,"Respite Care, Physical Disabilities, Child",Child Physical Disabilities Respite Care,Non-Individual,,,,true
331L00000X,Suppliers,Blood Bank,,Blood Bank,Non-Individual,,,,true
332100000X,Suppliers,Department of Veterans Affairs (VA) Pharmacy,,Department of Veterans Affairs (VA) Pharmacy,Non-Individual,,,,true
332B00000X,Suppliers,Durable Medical Equipment & Medical Supplies,,Durable Medical Equipment & Medical Supplies,Non-Individual,,,,true
332BC3200X,Suppliers,Durable Medical Equipment & Medical Supplies,Customized Equipment,Customized Equipment (DME),Non-Individual,,,,true
332BD1200X,Suppliers,Durable Medical Equipment & Medical Supplies,Dialysis Equipment & Supplies,Dialysis Equipment & Supplies (DME),Non-Individual,,,,true
332BN1400X,Suppliers,Durable Medical Equipment & Medical Supplies,Nursing Facility Supplies,Nursing Facility Supplies (DME),Non-Individual,,,,true
332BX2000X,Suppliers,Durable Medical Equipment & Medical Supplies,Oxygen Equipment & Supplies,Oxygen Equipment & Supplies (DME),Non-Individual,,,,true
332BP3500X,Suppliers,Durable Medical Equipment & Medical Supplies,Parenteral & Enteral Nutrition,Parenteral & Enteral Nutrition Supplies (DME),Non-Individual,,,,true
333300000X,Suppliers,Emergency Response System Companies,,Emergency Response System Companies,Non-Individual,,,,true
332G00000X,Suppliers,Eye Bank,,Eye Bank,Non-Individual,,,,true
332H00000X,Suppliers,Eyewear Supplier,,Eyewear Supplier,Non-Individual,,,,true
332S00000X,Suppliers,Hearing Aid Equipment,,Hearing  Aid Equipment,Non-Individual,,,,true
332U00000X,Suppliers,Home Delivered Meals,,Home Delivered Meals,Non-Individual,,,,true
332800000X,Suppliers,Indian Health Service/Tribal/Urban Indian Health (I/T/U) Pharmacy,,Indian Health Service/Tribal/Urban Indian Health (I/T/U) Pharmacy,Non-Individual,,,,true
335G00000X,Suppliers,Medical Foods Supplier,,Medical Foods Supplier,Non-Individual,,,,true
332000000X,Suppliers,Military/U.S. Coast Guard Pharmacy,,Military/U.S. Coast Guard Pharmacy,Non-Individual,,,,true
332900000X,Suppliers,Non-Pharmacy Dispensing Site,,Non-Pharmacy Dispensing Site,Non-Individual,,,,true
335U00000X,Suppliers,Organ Procurement Organization,,Organ Procurement Organization,Non-Individual,,,,true
333600000X,Suppliers,Pharmacy,,Pharmacy,Non-Individual,,,,true
3336C0002X,Suppliers,Pharmacy,Clinic Pharmacy,Clinic Pharmacy,Non-Individual,,,,true
3336C0003X,Suppliers,Pharmacy,Community/Retail Pharmacy,Community/Retail Pharmacy,Non-Individual,,,,true
3336C0004X,Suppliers,Pharmacy,Compounding Pharmacy,Compounding Pharmacy,Non-Individual,,,,true
3336H0001X,Suppliers,Pharmacy,Home Infusion Therapy Pharmacy,Home Infusion Therapy Pharmacy,Non-Individual,,,,true
3336I0012X,Suppliers,Pharmacy,Institutional Pharmacy,Institutional Pharmacy,Non-Individual,,,,true
3336L0003X,Suppliers,Pharmacy,Long Term Care Pharmacy,Long Term Care Pharmacy,Non-Individual,,,,true
3336M0002X,Suppliers,Pharmacy,Mail Order Pharmacy,Mail Order Pharmacy,Non-Individual,,,,true
3336M0003X,Suppliers,Pharmacy,Managed Care Organization Pharmacy,Managed Care Organization Pharmacy,Non-Individual,,,,true
3336N0007X,Suppliers,Pharmacy,Nuclear Pharmacy,Nuclear Pharmacy,Non-Individual,,,,true
3336S0011X,Suppliers,Pharmacy,Specialty Pharmacy,Specialty Pharmacy,Non-Individual,,,,true
335V00000X,Suppliers,Portable X-ray and/or Other Portable Diagnostic Imaging Supplier,,Portable X-ray and/or Other Portable Diagnostic Imaging Supplier,Non-Individual,,,,true
335E00000X,Suppliers,Prosthetic/Orthotic Supplier,,Prosthetic/Orthotic Supplier,Non-Individual,,,,true
344800000X,Transportation Services,Air Carrier,,Air Carrier,Non-Individual,,,,true
341600000X,Transportation Services,Ambulance,,Ambulance,Non-Individual,,,,true
3416A0800X,Transportation Services,Ambulance,Air Transport,Air Ambulance,Non-Individual,,,,true
3416L0300X,Transportation Services,Ambulance,Land Transport,Land Ambulance,Non-Individual,,,,true
3416S0300X,Transportation Services,Ambulance,Water Transport,Water Ambulance,Non-Individual,,,,true
347B00000X,Transportation Services,Bus,,Bus,Non-Individual,,,,true
341800000X,Transportation Services,Military/U.S. Coast Guard Transport,,Military/U.S. Coast Guard Transport,Non-Individual,,,,true
3418M1120X,Transportation Services,Military/U.S. Coast Guard Transport,"Military or U.S. Coast Guard Ambulance, Air Transport",Military or U.S. Coast Guard Air Transport Ambulance,Non-Individual,,,,true
3418M1110X,Transportation Services,Military/U.S. Coast Guard Transport,"Military or U.S. Coast Guard Ambulance, Ground Transport",Military or U.S. Coast Guard Ground Transport Ambulance,Non-Individual,,,,true
3418M1130X,Transportation Services,Military/U.S. Coast Guard Transport,"Military or U.S. Coast Guard Ambulance, Water Transport",Military or U.S. Coast Guard Water Transport Ambulance,Non-Individual,,,,true
343900000X,Transportation Services,Non-emergency Medical Transport (VAN),,Non-emergency Medical Transport (VAN),Non-Individual,,,,true
347C00000X,Transportation Services,Private Vehicle,,Private Vehicle,Non-Individual,,,,true
343800000X,Transportation Services,Secured Medical Transport (VAN),,Secured Medical Transport (VAN),Non-Individual,,,,true
344600000X,Transportation Services,Taxi,,Taxi,Non-Individual,,,,true
347D00000X,Transportation Services,Train,,Train,Non-Individual,,,,true
347E00000X,Transportation Services,Transportation Broker,,Transportation Broker,Non-Individual,,,,true
342000000X,Transportation Services,Transportation Network Company,,Transportation Network Company,Non-Individual,,,,true
